symbol,1,2,3,4,5,6,7,8,9,10,11,12
TSPAN6,0.094247364,0.220188102,0.04438365,-0.145129292,-0.241332462,1.421440506,0.145359625,1.431994162,-0.110229774,0.219953657,-0.054167302,0.553569092
CD99,0.766148369,-0.626022236,0.15604031,-1.786713722,-0.295475975,-1.253533099,-0.469616367,0.476075811,0.373887405,-0.797708931,-0.772988703,-0.160275973
RBM5,1.361278958,-0.466800277,1.412453142,0.049241435,0.062809681,-2.471018573,-1.159185456,-0.986055801,-1.636663655,0.510193258,-0.062057631,0.247900031
PHTF2,-0.980908116,0.264612477,0.419804714,0.640027455,0.205754202,2.900288789,-0.089533607,2.041889577,-0.022961249,0.279046223,-0.530037084,-0.074082735
COX10,-1.267039404,0.532602897,-0.12881487,0.831056707,0.494080352,2.109632055,0.382645101,-0.896293272,1.009255442,0.55538371,-0.940291851,-0.515795954
MLXIPL,0.321566078,-0.23045987,0.490903883,-0.133521023,-0.339380264,-2.040728746,-0.696979067,-1.409866591,-1.555182283,0.615961478,-0.008544745,-0.504493557
RANBP9,0.763398796,-0.009890786,0.826905531,0.584639217,-0.155178719,0.885674091,0.462589175,0.8039508,-0.161074414,-0.603325671,-0.249943613,-0.110459626
STAB1,2.468112043,1.265687772,-0.430584575,-0.615214723,0.006517642,-0.346615775,-0.445604073,3.124323799,-0.615214723,-0.615214723,0.553831249,0.05625053
MKS1,-0.748344479,-0.642449966,-0.997920222,-0.994388906,-0.538731343,1.799707398,-0.088102675,3.149912059,0.46359365,-0.466045626,0.922778535,-0.885347604
PHLDB1,-1.428694737,-0.467786312,0.099511856,-0.527994686,-1.351884516,0.543358758,-0.411883283,2.090947606,-1.898000315,-1.247025366,-1.162968535,-0.237797727
OSBPL5,-0.075278934,-0.302353184,-0.096617676,0.422407908,-0.712593244,-0.579460734,-1.507380591,0.100291787,-2.001409856,-0.781273292,-0.93332341,-0.477062046
RNH1,0.497199623,0.276303624,0.431890313,0.22874282,-0.765020999,0.833454472,1.214306016,0.820564516,0.59634812,0.182789713,-0.176966228,0.943665031
NCAPH2,-0.165947678,-0.934955218,-0.473934633,-0.110027485,-0.016612663,3.206009961,1.636703907,1.567892754,0.811475129,-0.046729867,-0.740950957,-0.703447805
B4GALT7,-1.138931978,0.882358874,-0.199753629,-0.618903406,-0.015255883,2.247537528,0.692669073,2.58669582,-0.450367183,0.019179149,0.266487318,-1.003161882
VEZT,0.623732839,0.68615333,0.905944776,0.235703232,0.127665,0.398649348,0.718116555,1.034508146,0.345724935,-0.095856466,0.030308015,0.094022161
ADSS,0.156534207,0.185105012,0.417447295,0.518554201,0.534116817,1.235761022,1.071198662,0.782295938,0.906870615,0.496065941,0.378503038,0.622814534
CUL3,0.160433762,0.533543388,0.410814968,0.683827168,0.572351222,0.689981727,0.640960049,0.303897545,0.049121979,0.045448907,0.010514389,0.153735197
GEMIN8,0.172377268,-0.165249238,0.283953437,0.698126145,-0.492830596,0.714337819,-0.091640195,2.963052725,-0.134406226,-0.175337953,-0.677454718,-2.347196165
POLR2B,0.33659583,0.188802456,0.364710586,0.356353812,0.264286338,0.601596317,0.715028992,0.61363228,0.364593467,-0.056138804,-0.05413962,0.219099982
RRM2B,0.764438398,0.465296112,0.378451407,0.278724095,-0.110601606,0.787913085,0.642016324,1.249420836,0.295555378,0.032362173,-0.241630265,0.389949721
ZNF800,0.399395217,0.772861503,1.807737854,0.062404274,-0.008672903,0.446432168,0.046125388,-1.106319696,0.319000066,-0.642834139,-0.196473916,0.285862599
FSTL4,-0.539374895,-0.09652848,-0.644218273,3.838714204,-0.644218273,-0.4800623,-0.644218273,-0.334487181,0.831457562,-0.021322486,0.777101711,-0.540958032
KCNQ1,0.044413742,0.725095034,1.030324639,0.400758212,-0.391664571,-2.697900172,-0.262517631,-2.138437424,-1.241748754,-0.391612439,-0.306642842,-0.254511249
SDCCAG8,-0.664710858,0.199058384,0.45815734,0.949781613,0.379243062,-0.306513301,1.120916469,0.736143606,0.052955271,1.280069139,0.406272282,0.935382877
RPL18,0.145801174,-0.935608324,-1.020812412,-1.396979163,-0.480184445,-1.348435548,-1.002397955,-0.904858062,-0.04743656,-0.193517408,-0.180658378,-0.049926348
TAF2,-1.45252967,-0.191450032,0.639745164,0.010272689,-0.631546688,2.959507153,-0.325533791,1.558646994,0.278358986,-0.019048686,-0.805201451,-1.189725075
CYB5R4,1.015484941,0.88700721,0.657945352,0.727421335,0.378611242,0.147654914,0.377647439,-0.054609038,0.664282487,-0.277552482,0.061131471,0.393907926
TIE1,-0.46010065,0.094158238,-0.790676792,-0.707673414,0.945067214,0.858224519,-0.594327712,-0.295537716,3.659929235,-0.635545995,-0.632680183,-0.851392857
LRRC40,0.242431565,0.174438077,0.405055786,0.361238805,0.718213099,1.111161339,0.821963896,0.947744229,0.916776277,0.230480206,0.252187151,0.948283001
TRMT11,1.114386775,0.590518185,-0.967838544,0.846565108,0.063616211,1.887168381,0.453875311,0.775599527,1.004543919,0.237498775,0.457821159,-0.302668826
DHX29,0.055504567,0.471626423,0.650101713,0.990929025,0.400839831,0.999074859,0.719430806,0.722874828,0.849056294,0.132565529,0.166311894,0.2698215
IFI35,-0.028774765,-0.668728011,-0.381407861,-0.346189395,0.106464303,3.20177811,0.461814565,2.263071767,0.65594428,0.081112098,0.097779279,-0.586770978
BCL3,0.117235506,-0.873538586,-0.515653529,-0.210914053,-0.072501106,-2.090666993,0.195112142,-1.601639958,-0.774668005,0.61798185,-0.175535172,-0.653433946
CDC42,0.33762264,0.379173116,0.695449972,0.554629389,0.672215065,-0.281905933,0.69365776,-0.498502888,0.299497579,0.179120204,0.147655849,0.350745847
CPSF1,0.058583337,-1.107187335,-0.474408087,0.093956104,-0.96622025,2.499036863,-0.308384346,2.409060231,-0.231018426,-0.22350399,-0.298725295,0.001895377
LIMS2,0.333607059,-0.197327874,-0.404157579,-0.302936703,-0.360481767,2.868349094,-0.73196475,0.312530925,-1.207053666,0.158716076,-0.521598813,-0.997481588
HSD17B10,0.05680909,-0.647114183,-0.119682825,-0.317418846,-0.179745181,2.527877592,0.738718117,2.094240728,1.172007698,0.217934992,-0.07785115,0.428188168
XRCC1,-1.241658326,-1.465510359,-0.557986703,-0.406448675,0.064497845,1.57187511,-0.164432162,2.937560574,1.247946998,0.310937694,-0.616067263,0.938964957
LLGL2,0.694358132,0.921365385,1.141111919,0.851998741,0.218451482,-2.246890954,-0.239264045,-2.30530746,-0.831961193,-0.324710814,-0.41015806,-0.439356206
DPP8,0.714131082,-0.104293061,1.264957193,0.818044261,0.387768847,-0.55597085,0.002669419,0.031935422,-0.405504787,0.264504155,-1.905845379,0.323624343
LMAN1,0.267154496,0.619017262,0.592969647,0.467080151,0.383819387,-0.275702481,-0.215442864,-0.376973447,-0.621228297,-0.078776311,-0.017613995,0.018673623
ICAM3,0.105953009,-0.528022908,-0.52802296,-0.52802296,-0.528022705,-0.52607391,-0.52802296,2.370935171,-0.527185321,1.239185098,-0.52802296,-0.52802296
SNRPA,-1.01604858,-0.538364894,-1.567768005,-0.23407027,-1.211777271,1.670367127,0.213366667,1.206951958,1.21801661,0.62831905,0.468433947,0.979510916
SENP1,0.244685945,-0.308275647,0.500756097,1.438732546,0.320956226,1.388511004,0.170411511,1.098738467,0.440549237,-1.030442488,0.561690138,0.251223285
KIF22,-1.243253566,-0.709427383,-0.746504811,-0.628876641,-0.678046399,2.224193381,1.348468775,0.879126935,1.507111427,1.119160323,0.573485523,0.711073123
STK17B,0.178388967,0.8545752,-0.003942594,0.77327678,-0.05265399,-0.187531775,0.175223345,0.398897223,-0.658855078,-0.514583085,-0.088849095,0.223737027
TXLNG,0.30582714,0.416098359,0.787868667,1.153945886,0.085055831,1.39537041,0.78921173,0.772660586,0.674376715,-0.08836509,-0.110396636,0.344541647
MTMR2,0.257408725,1.668198624,0.595131348,0.292285365,-0.356927681,2.322626743,0.422264111,1.426583691,0.743383859,-0.34128978,0.058676914,0.770341979
SRRT,-0.275646595,-1.145062658,0.306721224,-0.952626528,-0.928765861,2.91643311,0.679580481,0.770817341,1.101538057,0.716897051,-0.403057186,0.611447357
RFX2,0.502715337,1.524763549,-0.089526372,-1.859973901,1.338496554,0.188194834,-0.570440321,0.457588986,-0.98847339,-1.516059874,-0.691600413,-0.079589665
SULT2B1,0.400995654,0.054810714,-0.197087407,0.60877293,0.697308864,-2.139765421,0.882905419,-1.578607979,-0.480515083,-0.187632061,-0.095076128,0.294297436
CNOT3,0.205619011,0.769719043,0.382128851,-1.007030829,-0.847758001,0.664701951,-2.024213909,0.915963323,0.045034248,-0.55686324,-1.231495374,1.017397283
COQ9,-0.429716046,-0.415667198,0.791789228,0.21574006,0.532710879,-0.02148148,0.913070174,-1.267467745,1.578370194,-0.554025202,-0.209734892,0.117870292
TRMT6,-0.407585185,0.176134919,0.862859132,0.449443329,-0.333632396,2.958145397,1.158643201,1.833705524,1.140569505,-0.569903676,-0.106749282,-0.284797861
LAG3,0.098508263,-0.229247306,-0.576891547,-0.193030052,0.017901166,0.062489255,-0.112911129,-0.266437863,-0.473273814,0.111806001,0.352076595,-0.754280944
BLVRB,1.473319358,0.047892749,0.372476116,-0.533173971,1.215654784,-1.258079457,-0.920178406,-1.498603932,0.477956685,-0.190641331,-0.140718612,-0.888723663
RAB11FIP3,-1.345708193,0.400060882,0.825221528,0.489669924,-1.22107013,-2.896591511,-0.301921527,-0.425318921,-0.954493286,0.136573042,0.99929069,1.362456943
GNPTG,-0.163765706,-1.823905507,-1.168223623,0.111474377,0.026182551,-1.313080462,0.72224968,-0.704463947,-0.22227343,-0.982534176,0.692277134,0.415382396
SCFD1,0.286514558,0.114850221,0.412134124,0.417387268,0.213817861,1.077298146,0.672752974,1.012237977,0.456683088,0.351501121,0.086235775,0.434996764
HDAC6,0.781391596,-1.870888366,1.447897131,0.133234996,-0.818235158,-0.850956241,0.3234331,2.335856878,-0.329648492,0.612612017,-0.83903498,-2.04042369
AAAS,0.50108131,-0.919493712,-0.442371632,-0.583910179,-0.415687958,2.563857811,0.888805933,2.087970759,0.791179874,0.007740326,-0.793413262,0.256977801
PSMD5,0.143398828,0.595521287,0.404607816,0.905975662,-0.214597673,0.823499196,0.867024757,0.563308435,0.524040582,0.031447409,-0.122313876,0.239709104
RASSF7,1.071621856,-0.565347936,0.101511675,-0.353230067,-0.016949314,-2.939767819,-0.931345183,-1.559236824,-1.018163294,0.260768118,0.654923871,-0.699710039
TRMT2A,-0.332497564,-1.641245582,-0.973296655,-0.837510719,-0.089094382,2.855852121,1.158072637,0.593773439,0.635257486,-0.102869482,-0.049447656,0.436484137
GGT5,0.342587579,-0.098254302,-0.131817505,1.960094124,2.494051185,-0.450376978,-0.784822406,1.194509544,-0.349389998,0.391455721,-0.769369119,-1.391986108
SNRPD3,-1.179818915,-0.16069205,-0.734986544,0.174265618,0.423764305,2.474280461,0.716598617,1.461492175,0.554870611,-0.360322107,-0.032801768,-0.242204277
CARD10,0.173897018,0.050969231,1.405314266,1.078709705,0.011914806,-3.083705756,-0.424516775,-2.312342373,-0.841561229,0.390400496,0.05614145,-0.089407748
CCDC134,-0.736372067,-0.535281883,-0.570138369,1.126449872,-0.534882942,2.808431025,1.165713298,1.171892868,-0.851324636,-1.208295705,-1.663072271,-0.320577767
CHKB,0.542870836,-2.7389856,-1.290014801,-0.079962176,-0.35696492,-0.1793537,-0.210578062,0.823740507,-0.26525714,0.852438417,0.971537718,-1.538177602
MCM5,-1.63387153,-1.256498099,-0.554858814,0.271372066,0.427171907,3.237033287,1.642686948,1.030271425,0.098432924,-0.069697913,0.064404718,-0.051103608
ASCC2,0.813299822,-0.670067602,1.036426561,1.458584635,0.040415105,2.02304341,0.905564315,0.597741804,-0.05372933,-1.204588447,-1.089895539,-0.252814153
GSTZ1,-1.877830613,-0.977616797,-0.915453987,-0.72946194,-1.134963744,1.271019706,0.383306086,1.55874975,0.443699053,0.652140571,-1.229072403,-0.167809616
ASB2,-0.045391017,-0.993229156,0.364133906,-0.676246256,0.375483498,2.982269703,-1.254448554,-0.046766672,0.21237889,1.967133828,-0.444267444,0.328767264
TELO2,-0.780305716,-0.290103798,-0.068044505,0.777008582,0.214301526,1.921555324,1.517768033,0.786358758,1.206568038,0.524022532,0.17990139,0.316623916
RPS6KA5,-0.763765635,-0.017844168,-0.833722782,-0.397967339,0.629844548,0.3619645,0.309223602,2.343941688,-0.970286052,0.104724006,0.266314582,-1.292239852
ACIN1,0.189101053,-0.710532222,0.372354753,0.198942194,-1.494805335,0.246874452,-0.806263991,1.095221333,-1.808775991,0.999815232,0.116204751,0.312640824
PCK2,-1.837486941,-1.307200912,-1.04165503,-0.851464035,-1.140855214,-0.841652616,0.202607601,-0.0813387,0.502769227,0.303523405,0.25334769,0.11042297
REC8,0.435959644,-0.812480266,0.220970297,0.40852458,-1.559623245,-2.907697329,0.544749966,-1.782960975,0.152355628,-0.081065859,-0.018296636,0.482278854
STK4,0.163480399,0.85639032,1.193587181,1.544339138,0.633875188,0.547954463,-0.447917515,0.698117835,-1.051830536,-0.876342088,-0.806565039,-1.293650002
GMEB2,-0.69581411,1.187899723,1.049796231,0.523740288,-0.67848824,0.722305906,0.198030241,-1.713792893,-1.965617333,-1.239087872,-0.752558749,-0.547953006
MYL9,0.205930951,0.445141055,-0.147890408,0.141808092,0.836680634,-0.740732959,-0.278503187,-0.668223889,0.5880042,-0.05101882,1.082940828,0.755007539
ZNF516,-0.75270367,0.684499381,0.168395088,1.081200693,-1.234593619,-0.871415525,-0.988820912,0.133143331,-1.669339254,-0.513391712,-1.090339572,-0.792516895
RNMT,0.146867114,0.387243811,0.362884344,0.453445611,0.073929177,-0.287003324,0.031330032,0.642290949,-0.152604523,-0.163508388,0.045524969,-0.21318368
ELMO3,0.241053343,-0.006954604,0.513517918,0.418524179,-0.997973017,-3.042480925,-0.13913005,-2.368632358,-0.186458625,0.154284687,0.563189549,-0.141993963
CENPT,1.841883038,-0.878313253,0.413750349,0.112790615,-0.382597918,1.536400726,0.350509345,0.855043125,0.211374957,0.738180164,-0.218769033,0.272241272
N4BP1,0.107920886,0.931215601,1.355196512,0.699655528,0.486055804,-2.371925559,-1.039141388,-1.936283393,-1.678842122,-0.670897323,-0.633243707,0.364825993
TSC2,0.651639889,-0.831938373,0.572980464,0.61243355,-0.595793068,-1.600570327,-0.566559201,-0.879658793,-2.168439186,0.92101166,-0.864077455,0.193566359
NUBP1,-1.31944234,-0.881348188,-0.568018618,0.082702983,1.209008147,2.035548349,0.198611742,0.002879824,1.298387565,0.745605205,-0.885687457,-0.982616437
RBL2,0.235360865,0.989524944,0.752711112,0.581735096,-0.209578449,-1.497108854,-0.287286265,-1.238350331,-0.709320926,0.298694774,0.092053685,-0.153413654
PYCARD,0.481824136,-0.648623843,-0.654367613,-0.528557299,-0.709533865,-2.175843097,-0.799068326,-1.626865582,1.069445784,0.327734373,0.111912724,0.382404916
FAH,-1.407691738,0.064400474,0.720391737,0.080892712,-0.214171575,3.136452599,0.010107543,2.027398666,0.083069849,0.232300735,-0.052690596,-0.838829274
BLOC1S6,0.036132212,0.636872447,-0.020820067,0.24896957,0.112248989,0.428815443,0.588980684,0.089080403,0.424711767,0.060053725,0.235336964,0.230373213
NIPAL2,0.151620752,0.308522136,0.707804121,0.504051495,-0.415810348,-0.265281333,1.335499405,0.484299714,0.02081464,0.026796371,0.387874506,0.730574551
SPAG1,-2.054477215,-0.387379351,0.8351213,-0.342983317,-0.286434906,1.915938072,1.073929618,0.045535517,0.974419121,0.708125343,-0.434664307,-0.312939161
CHRAC1,-1.06467395,-0.327286472,-0.318261066,-0.187814623,-0.193529119,3.294976066,0.22583245,2.472917412,0.194606813,0.194336949,-0.703397536,0.316031312
TSTA3,-0.38796625,-0.814999969,-0.776749755,-0.044441727,-0.135546369,2.789483285,0.894839151,2.144818782,1.150143737,0.302447009,0.062010793,-0.42531194
EEF1D,-0.249905677,-0.381359882,-0.138262628,-0.421049116,-0.504115883,3.326044762,-0.111196987,2.506590941,0.434277629,0.258834185,-0.069615215,-0.063395564
ASAH1,0.206944844,0.361372119,-0.017403839,-0.197975265,0.416211014,3.282107894,-0.662754791,1.376473884,-0.187634552,-0.467570726,0.108975359,0.013109465
DHDH,-2.1027954,-0.099453172,-1.102068099,0.22375192,-1.528941176,-0.356106546,-0.135609881,-0.825208886,-1.133627711,1.11739966,0.534889718,-0.171895727
SNRNP70,0.429424057,-2.820666546,0.057160093,-0.435767274,-0.621660625,-0.979043765,-0.55062005,-0.125804178,-0.307995138,1.145302256,0.654052972,-0.507373922
RNASEH2A,-0.474595691,-0.862238414,-0.505511982,-0.22653893,-0.41999797,2.83553495,1.375635496,1.586841296,1.382172066,0.537884876,0.266001204,0.156618027
SF3A2,-1.14085497,-1.149068282,-0.910935009,-0.517669259,-1.047332826,2.70970371,0.78499334,0.617231193,-0.328479637,-0.729158007,0.017151628,-0.295416827
DMPK,-0.381635736,-1.399364287,0.869130738,0.421146968,-0.676465895,0.743250391,-0.119985956,1.184073909,-2.187847882,-1.300096398,0.581446107,-1.390382254
MED25,-0.642057963,-1.264504036,-0.350756298,-1.261429744,-1.140535,0.513769367,0.318140134,1.245015093,0.389473066,-0.595045748,-0.868950032,-0.710644685
TIMM44,-0.23729435,0.297076295,-0.47508819,0.776326146,0.284847655,1.695590718,0.603358149,-0.783945424,1.360068763,-0.183489348,0.12732506,-0.29195137
ASF1B,-1.472276304,-1.389496884,-0.547497018,0.003279571,0.123749925,2.111451753,1.531141271,0.929702067,1.578686891,0.781950645,-0.057463206,0.552845944
RPS16,-0.793467618,-0.978640904,-1.573998478,-1.42312207,-1.116765737,0.500286827,-0.300979869,0.848934405,0.48074498,-0.295948269,0.038430561,-0.161602228
FBL,-1.078348337,-1.581195573,-0.703320761,-0.537444983,-0.142931621,1.142754444,0.011283558,1.160046869,1.968458007,1.122817778,-0.025571813,0.734005858
AKT2,-0.421255432,-0.697127916,0.944654165,0.51405332,-0.007304739,-1.239737311,1.068832742,-0.154625475,0.2923981,1.224497499,-0.59053644,-0.811615348
POLR2I,-1.030884365,-0.979363425,-0.448599113,0.885368298,-0.450344558,1.222233686,0.289779234,0.791677818,1.266248263,0.889464425,-0.252561804,-0.490774367
MYH14,0.974980857,0.416398752,0.710719134,0.383550265,-0.235592438,-2.518230938,1.389412973,-1.9863404,-0.118381636,0.897546808,0.143649809,0.712180753
RPS19,-3.515666208,-0.005653771,-1.466218491,-0.210849902,0.337058527,0.654385209,0.081849074,1.015536026,0.619313986,0.835285558,-0.262859315,0.249697265
LIG1,-1.056762578,-0.783436475,-0.765122828,0.199380207,0.022736727,2.289042696,1.499387191,0.955210369,1.483019852,0.087855823,-0.954045347,0.580172487
COPE,-0.198783678,-0.073245239,-0.625619857,-1.129008872,-0.120809104,0.72676045,0.087981611,1.213701053,0.225185423,-0.379647175,0.222452802,-0.649504889
LSR,0.503703173,-0.018808175,0.042916834,0.155665859,0.14403972,-3.189635786,-0.013011033,-2.237848268,-0.736755303,-0.398041861,0.243860018,-0.166541911
ETHE1,0.2710657,-0.841682271,-1.113278463,-0.67030164,0.007400534,-2.394178833,0.189589811,-1.379336335,0.699874547,0.409454913,0.573726303,0.051458309
BRAT1,-0.301976882,-0.448957532,-0.274635437,-0.100853915,-0.688996233,3.458842742,0.185164554,2.563052833,-0.18224585,-0.260718971,-0.429027076,0.210910644
NUDT1,-0.15906267,-0.287960713,-0.267507433,-0.08897283,-0.263552122,2.648807215,-0.307779846,2.540371789,1.29893121,0.067223035,-0.495183692,-0.332542016
ACTA2,0.895020333,0.287833606,-0.604082962,-1.844421762,-1.068211353,1.663713996,-0.973011579,2.621292681,-0.08219274,-0.015353599,-0.443122697,0.038525026
CDK5RAP3,-0.433246916,-0.831656957,0.266238123,0.284060369,0.953334077,2.134605157,0.287587014,0.521068574,0.449732816,0.818085796,0.740609105,-1.529724689
FTSJ3,-0.369400822,-0.458456726,0.155053699,-0.115447972,-0.319008464,3.372959078,0.504348773,2.404360614,0.824336566,0.08590883,-0.239713045,0.185191534
AKAP10,-0.173280306,0.449229576,-0.028564087,0.016576778,0.171895245,0.253602514,-0.832827092,0.521500033,-1.318589217,-0.392279108,-0.305878802,-0.221592035
MRPL27,-0.347369508,-0.781496217,-0.946490954,-0.840503238,-0.133831531,3.379474539,0.158510536,2.021007822,1.123216626,-0.104145413,0.337230358,0.023778054
ALOX12,-1.017291782,0.08832913,-0.675931966,0.235113821,0.180337738,-0.804758682,-0.841446829,-1.195451739,-0.872639727,-0.210807032,1.179748291,-0.101261383
SEPSECS,0.209985154,1.475697959,0.495487007,0.6878688,-0.02163554,-1.191239396,0.00214341,-0.386395064,-0.13344428,1.373783631,-1.20E-05,0.396329082
ZBTB16,-0.997391642,-0.485045572,-1.856060323,1.822156985,-0.804648849,-0.808511595,0.824798433,-0.019743453,-0.130931063,0.063033265,0.77037201,-0.120343751
DCPS,-0.61351762,-0.378068298,-0.141970925,-0.033818161,-0.124092433,4.099990801,-0.322262772,1.451417742,0.197761389,-0.489759144,0.031179322,0.069651314
TMEM109,-0.757264184,-0.470541266,-0.38116634,-0.3399465,-1.063545402,2.971090722,1.629993701,0.598975582,1.174277229,0.492504293,-0.567563331,0.87072904
SLC15A3,0.119880586,-0.729508866,-0.270519026,1.4776671,-1.401448783,-1.43141147,-0.571979103,-0.490079397,0.144711194,2.071607184,-0.446788974,-1.173894931
GTF2H1,-0.359732757,0.374879937,0.228436129,0.643419758,0.090278833,1.805160529,1.390928075,1.061638317,0.643046518,-0.11679089,0.001845474,-0.071864942
ITFG2,-1.718947676,0.792650783,0.111440495,0.666672648,-0.151904319,-0.716785425,0.725969505,-0.210765737,-0.840691993,1.068697536,-1.715369969,-0.628161423
GPN3,-0.274273847,0.37708246,-0.138924475,0.425998807,-0.057366274,3.039574588,-0.126282001,2.516861765,0.761043909,0.281797057,0.129588932,0.084689011
CNOT2,-0.668690753,0.495505796,0.710858676,0.516063634,-0.220489967,-0.811417378,-0.858481223,-0.911468127,-0.130570959,0.01012057,0.163629011,0.505726325
UHRF1BP1L,0.186104254,0.57497007,0.07464262,0.730364939,0.296897531,0.12920988,0.229434609,-0.110810388,0.427293814,0.060928255,0.191917984,0.175087957
GNB3,-1.13978631,-0.133406091,0.002263416,-1.342700408,0.10067298,1.584921549,0.456682364,-0.265841738,-0.918235104,1.020302377,-1.067707057,2.001151181
KCTD20,-0.293013942,0.960867469,0.185945884,0.443669338,-0.225140491,2.80229664,0.2560368,2.710389325,-0.653166413,-0.776044457,-0.697032729,0.533499384
HECA,0.06262241,0.355736199,0.529455653,0.406243239,0.167312103,-1.391479036,-0.314857853,-1.356187465,-1.254394192,-0.441441721,-0.326344922,-0.444929806
HSD17B8,-0.257490137,-0.30650772,0.480124443,-0.201065927,-0.539017285,1.32191967,-0.745200966,3.387471974,0.02609861,0.040179822,-0.4542628,-0.95140222
SLC29A1,-0.373095414,-1.060261952,-0.35729788,0.000662316,-0.137555728,3.532576776,0.015117495,1.256505979,1.321776891,0.325757383,-0.918963412,-0.02628798
PFDN1,-0.589250406,-0.769771915,-0.991282287,-0.483649234,0.185781236,2.527448246,0.625054475,2.275321956,0.277317963,0.924858753,0.049597364,-0.657647584
TMCO6,-1.307117099,-1.020098296,0.684539012,-0.174133459,-0.069675739,2.033804668,-0.187603692,1.992186099,-0.130444,0.98587342,-0.570806719,-1.185591777
IK,-0.327525921,-0.35659865,-0.614001515,-0.370249288,-0.483885079,1.808657477,0.076666669,3.231687147,0.014577991,-1.058174049,-0.907015076,-0.212561755
CDX1,-1.31222397,-0.333213372,0.25172711,-0.32527695,-1.238146264,-2.076341724,-0.443344253,-2.125252058,-0.816854223,-0.608925018,-0.401515205,-0.134343786
AMOTL2,1.132403325,-0.902357953,-2.344699203,0.845261975,0.415064843,0.694877403,-0.643536041,0.396025003,-1.607620484,0.919810718,-0.134935325,-1.420615701
NIT2,-0.51718531,-0.350079876,0.350601466,-0.283295575,0.057427532,2.298894266,1.074074015,2.326526737,1.431566519,0.148156145,-0.050840495,0.622445191
LMAN2L,-0.772438511,0.610435217,-0.54764409,-0.393819828,-0.586266233,1.734222514,-0.450196207,1.779715526,-0.643773823,0.645833195,0.566413486,-1.572052114
ACTR3,0.334405983,0.470858119,0.763319428,0.539467058,0.646825613,0.191205363,0.675483092,-0.686488259,-0.31501311,-0.73604919,-0.429649413,0.001873065
PSMD14,0.134687682,0.309011031,0.204271484,0.359322617,0.424641517,2.823762146,0.961057971,1.466589165,1.107942879,0.255468414,-0.073943646,-0.194374065
RPS15,0.194964585,-0.19946659,-0.143526559,-0.76374723,-1.128418447,1.018941019,-1.330790531,1.224251567,-0.921042191,-1.150657793,0.013235947,0.241270303
MOGS,1.058125061,0.309648173,0.295139081,-0.087674019,-0.234225044,-2.012062112,-0.572719509,-1.34882583,-0.0136733,0.133609911,-0.271504378,-1.446108611
HTRA2,-0.695370925,-0.594792774,0.018137572,-0.566430296,-1.066136671,3.641608676,0.424617467,2.067823148,0.020191247,-0.199665051,-0.187393549,0.449654649
DOK1,-0.536660112,-0.252594676,0.250758114,0.223121237,0.104484569,-0.314276148,-0.849934976,-1.689357698,0.972112069,0.73641511,0.527231645,0.151865399
TXNDC9,-0.037179013,0.21062307,0.295684697,0.574742137,0.480309736,2.114365189,0.819756877,1.154629875,1.617891814,-0.018472829,0.084174795,0.343304669
GNLY,-0.081670245,-0.438166346,2.995691578,-0.175664857,-0.055978393,-0.238998022,1.315314299,-0.284763863,-0.165020779,-0.8970728,-0.462925592,-0.8970728
SPR,-0.416418211,-0.769790844,-0.563338383,-0.68923546,-0.649374223,3.331717597,0.156953303,2.615620526,0.323283991,-0.847508598,-0.239072904,-0.149658978
SRSF4,0.744874655,0.744694572,1.029683379,-0.116018315,0.161638547,-0.778882914,-1.619388165,-2.317058527,-1.048591954,-0.727725518,-0.113738184,-0.003538509
CAPZA1,0.023936008,0.635168353,0.523307416,0.521248606,0.038718333,1.895965604,0.572943927,1.055523437,0.011856657,-0.125597269,-0.005606556,-0.157599508
CDC20,-0.52399838,-0.616188845,-0.591357727,-0.454300164,-0.388329894,1.306388332,1.203816394,0.583037537,1.968210608,1.069105189,0.560293645,0.884899915
VAMP4,0.488206469,0.49715319,0.805087215,-0.8890269,0.251833252,-0.870199539,-1.24221909,0.096018185,-1.662951428,0.891874891,-0.291492491,-1.46842956
SLC5A9,-0.10831245,-1.08697393,-1.697147809,-1.736694641,-0.836766846,-2.334748413,0.39993383,-1.23720416,0.327620573,1.028421218,0.395724178,-0.111386139
STAG1,-1.113548975,-0.092137619,0.190994695,1.984876297,0.313590383,1.105927182,1.061720895,0.361747637,0.076377606,-0.232222298,0.019296201,0.793571578
CA14,0.553402385,-0.803511426,0.502764136,-0.2267621,0.039027694,3.715737511,-0.912345572,0.7705158,-1.104122253,-0.543344342,0.108841695,-1.229469932
SPCS2,0.275809406,0.508195651,-0.101631097,-0.82444351,0.563578949,3.026917318,0.163792159,1.112640246,0.165006553,-0.701318703,-0.810870618,-0.060500094
AKAP7,-0.04265793,-0.126379637,0.421909983,0.905248099,-0.284842918,2.363823239,1.118077632,1.004416865,0.319349883,0.331860208,-0.192636034,-1.122763361
SGK1,-2.345520969,2.050462059,1.933594396,0.543684973,1.261370609,0.649749057,0.922927369,-0.820627857,-0.812743479,-0.284817938,-0.030370988,-0.442626485
ELL2,-0.055773632,0.609350686,0.6387038,0.523761774,0.166057428,-0.067661992,-0.138728371,-0.839454005,-0.242328319,0.161578304,0.308126429,-0.338243544
WDR34,-0.870361619,-1.132638995,-0.837593983,-0.243111824,-0.532936194,2.376953207,1.000817203,1.607120228,1.176244239,0.698247591,0.389793255,0.000953776
HDHD3,0.797654271,-0.939357382,-0.936819498,-0.338992523,-0.214995814,-2.23832487,0.220803118,-2.010794585,0.191568326,0.321270209,0.629608397,0.028394987
ABCD4,0.951245996,-0.891323252,-0.943019818,0.815193195,-0.495075638,-0.67675524,0.577853794,-0.576817795,-1.082893495,0.825528837,-0.328393446,-2.305222605
COQ6,-0.949896735,-0.285982651,-1.404730736,-0.119189581,-0.531359814,2.048350959,0.807245599,1.555160555,0.498251892,-1.435952885,0.004121501,0.871318023
TMEM214,-0.62646905,-1.44993767,0.557012714,-0.842764051,-1.256581203,1.406258582,0.301051377,-0.156668495,0.363548298,-0.044384717,-1.19267241,-0.674075843
AFTPH,0.007818294,0.441156511,0.71642712,0.650095516,0.253992635,-0.502963162,0.190413135,-1.136537542,-0.151947585,-0.379181819,-0.056832868,0.247270445
ELF1,0.212498998,0.630110755,0.293462973,0.45310379,0.287589971,-0.812484715,-0.018904284,-0.475094005,-0.372105382,-0.318170236,-0.263182317,0.088519383
ADCY7,-0.545356924,-0.413288134,1.418699974,-0.199355678,-0.632931443,-0.917598059,2.871847632,-1.562818451,-1.081458294,-1.141417158,0.100663867,0.140618412
TMEM54,1.131675326,-0.118688113,0.014929436,-0.017690723,0.687982129,-1.932938787,-0.121117297,-1.976667711,0.303479994,-1.08933581,0.090249856,-0.519292896
FAM126A,-0.240343533,0.052981792,0.784318727,1.844324905,-0.219266967,1.860685719,0.734038863,0.911445766,0.959464912,-0.352022877,-0.175741788,0.648093476
SMU1,0.040037327,-0.193716225,-0.060627927,0.751647564,0.04263178,1.682132817,1.552074774,0.938150877,0.648368984,0.215491173,0.011319989,0.305792299
PKN1,-0.606723763,0.081807646,0.060099235,0.352787978,-0.642743556,3.368001433,0.05004575,2.637147679,-0.813956842,-0.594807993,-0.321201503,-0.508471883
SARDH,0.348884352,0.181709069,-0.12296192,-0.862659403,-0.186200647,0.985541362,-0.335423277,3.37378544,-0.834810669,0.106219551,1.983038028,-0.710579029
RAB22A,0.231273788,-0.207291169,0.869724653,0.206826576,0.771348086,-0.903885915,0.058808231,-1.626847492,-1.007899314,-1.963377478,-0.99779764,-0.820071629
PEX6,0.505453685,0.252529543,0.171793088,0.001818607,-1.109952526,-2.544449916,0.300389133,-2.671826366,-0.476881549,-0.022832578,-0.38691037,-0.172898585
SPDEF,-0.70581066,-0.514509102,-0.796430517,-0.693276134,-0.967061507,-1.45148277,0.429131879,-1.896750392,0.782354491,-0.021185448,0.131874297,1.714203515
SSR1,-0.475248903,0.750865622,0.528314856,0.365127007,0.185126531,1.94774913,0.075734213,0.890491578,0.408930499,-0.71764005,-0.20342453,0.048609697
EEF1E1,-0.632919399,-0.514638948,-0.272757152,0.221791377,0.071858749,3.097516689,0.38422829,1.797332276,1.307223165,-0.173425318,0.045654057,0.223074986
RAB17,-0.123955579,-0.830092748,0.090332909,0.064088143,-0.552011924,-2.07196257,-1.799109257,-0.941222159,-1.260790304,0.775482935,-0.00337332,-0.96876811
ALKBH7,-0.021060849,-0.679148806,0.089085828,-0.583741166,-0.655840626,-0.452061057,-1.378320218,0.287263411,-0.681462179,-0.633876533,0.128528208,-1.405333253
RBCK1,-0.584973504,-0.214441077,0.646474272,0.117718038,0.318893925,-1.652066069,-0.408850341,-1.942832317,-2.194658088,-0.188120152,-0.289615273,-0.699954432
OVOL2,-0.60010664,0.650630371,-0.62296985,-0.508846716,0.579790576,-1.801816269,-0.271415752,-1.092692491,1.673300985,-0.836081956,-0.026432522,2.13328547
RALY,-0.295128547,0.159000666,0.296743008,-0.229510021,0.040006236,0.74569552,0.148044573,0.587151895,-0.803479988,-1.342975584,-0.227198535,-0.167174537
HECTD3,-0.788213815,-0.65259323,0.490539642,-0.198810792,-0.178110496,-1.696539249,1.127013637,-2.131222428,0.239422427,0.219198225,-1.070048139,-0.199860271
BCL2L12,-0.838480404,0.178586872,0.031817572,0.331540077,-0.197284804,1.653992331,0.512463606,0.928311384,1.311202514,0.38045949,-0.299228722,0.678750098
RRAS,0.837641322,0.29829259,0.214457444,-0.185531319,0.269562624,-2.234006364,-0.674869951,-1.55079671,-1.461836208,-0.666066241,-0.317818233,-0.69685294
ZNF384,0.19424777,-1.221652756,-0.678699978,-1.117843058,-0.584298694,0.792410538,-1.141708892,0.772938401,-1.067867783,0.074523451,-0.52216537,-1.988826804
IDUA,0.17037623,-1.397908894,-0.397986689,0.285058988,-1.729468434,1.125317854,0.23862045,-0.168536861,0.307363137,-0.255277059,0.563449693,-1.687913537
F2RL3,-0.009472542,0.563352759,-1.080150071,1.026145785,-1.449430116,1.193398124,0.386341947,-4.57E-05,-1.394126915,-0.690297303,-2.7985751,0.824868064
PKMYT1,-0.851813671,-0.610103696,-0.363393397,0.171436303,-0.117053158,3.257399371,1.435904693,0.343047109,1.095772191,0.583753302,-0.004758192,0.501273349
IL17B,-0.70474639,0.110316726,-0.70474639,-0.70474639,-0.70474639,1.353507419,-0.70474639,-0.122133631,-0.70474639,-0.31122429,0.418369185,1.557169798
RBM48,1.037712812,-0.831503069,0.304552321,0.296023886,-0.031113402,1.391893735,-0.309008439,1.831953311,0.496454229,-0.333802766,-0.269176064,0.940933589
TST,0.38066634,-0.799140362,-0.722160422,-0.054735701,0.20133136,-2.299189065,0.516250262,-1.678000556,0.7715519,-0.229660939,0.154636498,-0.43402759
FLNC,-0.426552064,-0.355419948,-0.3587023,-0.440564853,-0.417901989,2.70774617,0.443517534,3.575941663,-0.539832691,-0.460818125,-0.472359035,-0.52557258
NDUFA5,0.32981,0.242749084,0.074774781,0.319616647,0.245792376,0.675585618,0.134221263,0.671309534,0.507605493,0.220179786,0.390235381,0.043212557
DLL4,-1.445923123,-0.536428728,-0.135111179,-1.461332245,0.406984723,1.458933032,2.209501871,-0.169901617,-1.608529201,-0.617250458,-0.570004509,0.02722965
KIF1C,-0.027665648,0.869024677,0.979872414,1.630225126,0.112195407,-0.135119641,1.816599108,-1.465304237,0.784813879,-0.345447711,-0.561341976,-0.237662254
MRM1,0.047662567,-0.813499656,0.045226982,-0.086365405,-0.757765692,2.658827727,1.262925762,0.828194435,1.26514989,-0.036982116,0.216898733,0.607841137
PUS7L,0.033313385,1.098736329,0.725288354,0.222267494,0.888820972,0.825124204,0.414897454,1.113261347,0.299118518,0.213282814,-0.083470108,0.8433002
KRI1,-0.188404689,-1.032039789,0.357906605,0.204383289,-0.447828817,3.443547149,0.749540268,1.844655847,0.527397691,-0.131952831,-0.465420991,0.388201292
PRKCSH,-1.088557662,-1.075433271,-0.553116695,-0.186700417,-1.082857456,0.227819087,-0.207679525,0.744621679,-2.316593659,-0.328391979,-0.632955108,-0.456377418
FAM98C,-0.495420541,-1.336673366,-0.395441466,-0.265050398,-0.264272638,-1.466697806,-1.232365914,-0.729234456,-0.591498032,-0.838832394,-0.637638219,-0.122075843
NSUN5,0.46691761,0.096050142,-0.204013403,-0.032661999,0.090875995,2.842097049,-0.410482984,1.832111245,0.751464696,0.047787022,0.151228822,0.341395967
SCO2,-1.136564548,-0.963645464,-0.259805101,0.199477828,-0.006565296,2.372016586,0.094153088,0.332513115,0.900460293,-1.299619781,-0.287936589,-1.501432694
HELZ2,0.623641165,1.450388333,0.804421877,0.182454012,-1.115255221,-1.512433758,-0.461110228,-1.284944786,-1.908753487,-0.364298935,-0.437088852,-0.535842451
TNNI2,0.07477197,-1.34233505,-0.785937748,-0.806830966,-1.324680208,-2.134579144,-1.796106794,-0.446437884,0.374733115,1.503522494,0.965487562,-0.200883846
MNX1,-0.437021492,-1.907752042,2.181737446,-1.020140515,-1.396729917,0.77965794,-0.244871783,0.062738123,1.687101301,0.452406662,0.020837517,-0.310638949
ZNF317,-0.535853546,1.053239345,0.592667619,-0.803654206,-1.304456216,3.054049538,-0.050273464,1.26612591,-0.160591964,-0.422588737,-0.605114592,-0.544614099
THOC6,-0.364678405,-0.2201083,-0.859549401,-0.809012162,0.109671865,1.279723167,-0.252536431,-0.865042868,0.360246183,0.108605317,0.287444013,-1.473898517
RBM8A,0.077613727,-0.355909609,-0.604714922,-0.246643731,1.03589026,3.215837459,0.869573291,0.98867281,1.347208249,0.683911312,-0.298632187,-1.079206368
DCAF15,-0.588521156,-1.272331271,-1.557963711,-1.412846458,-0.903193808,1.836614326,-0.652740964,1.205989117,-0.624357921,0.290211215,-0.032483546,-0.357339489
PER2,-0.247735339,0.588391109,1.289107872,1.093273914,0.483155401,-1.000734663,-0.786482549,-1.686335097,-1.402029143,-1.266789917,-1.322239176,-0.01727047
TRIM47,-0.074877663,0.820715185,0.500372967,0.818260507,-0.21030752,-1.749320531,0.073860084,-3.03889236,-0.210383114,-0.714062042,-0.273867208,1.249273959
GUCY2D,0.337470938,-0.084515955,0.450854781,0.597365355,1.514014183,-1.649689695,-0.753688712,-1.287157392,-0.461074697,1.504581911,-1.180562135,-1.712203915
ERAL1,-0.039892082,-0.944692002,-0.192349458,-0.708408584,-0.838549089,2.534866326,0.886168696,2.097744468,1.368149551,0.076277758,-0.289967177,-0.208198122
PCED1A,0.545078923,-1.523687968,-0.496762598,-0.734663728,-1.007526068,2.367310214,-0.741156436,2.213697186,-0.043768694,-0.68578221,-0.781273722,-1.281380194
TOE1,-0.531009905,-0.01169575,0.203948715,0.894888021,-0.19465721,2.455153998,1.443799134,1.296697846,1.342766367,-0.003000408,-0.26279764,-0.941489725
LPIN3,1.211305046,-1.041680277,-0.203498165,0.00937742,-1.002201984,-2.354735622,0.160323902,-1.53488812,-0.545310194,2.29484292,0.705391098,-0.61413869
MACROD1,-0.418578719,0.315365216,-0.310914739,0.087416568,-1.754375272,1.978837871,0.071000607,0.980038045,-1.374169437,-0.073841792,-0.758720601,-0.04813601
MORC2,-0.774683536,-0.616871257,0.316360483,0.930922645,-0.488457738,2.114097,0.945141424,2.669415301,-0.248166216,-0.67937815,0.046401871,0.599142899
ARNTL,-0.64787237,-1.654400936,-1.446015667,-0.892674693,-0.761422093,-0.915067838,0.746304387,1.3867713,1.050886734,1.041804314,1.40586886,1.260835377
DPF2,-0.86060303,0.313681597,-0.669824976,0.401503513,-1.152016072,2.134419852,-1.314503984,1.34917176,-1.193928845,-0.880634411,0.7389087,-0.999510738
MEN1,-1.591622178,-0.412267608,-0.364346547,0.009629338,-0.963676673,2.274178541,-0.667476866,0.872232866,0.560647457,0.180906717,-1.367191493,0.458424026
THUMPD3,1.203668324,1.382910601,0.683847496,0.561683863,1.214298136,0.180329379,0.478642003,0.287765799,-0.030933945,0.257887101,0.460633317,0.02845401
ANKRD16,-1.220967495,0.641249921,1.370159949,0.680950485,-1.194377991,0.342778474,0.877961695,1.584455818,0.823822026,-0.464123591,-0.309174636,1.715405876
ZCCHC11,-0.790512947,0.561265944,0.668968567,0.865663593,-1.156912487,1.730426396,0.840940637,1.328892179,-1.787708895,0.384592105,-1.37109026,-2.153703708
DSC1,-1.091484627,-0.720573734,-0.170809026,-0.594822376,-0.834955019,-0.865857706,-0.747699954,-0.86343823,-0.191024932,1.694948611,0.636375731,-1.091484627
TMEM165,1.237611581,-0.163799142,0.541864734,0.48337465,0.937178635,-0.328492094,0.744414019,-0.850046495,-0.110338204,0.332014304,-0.256633395,-1.225279204
TPP2,-0.231323803,0.089450953,0.131885139,0.45373553,0.083298743,1.679985275,1.221965877,0.804839542,1.145215947,0.382971774,0.189049338,0.423875727
WDR36,-0.461731842,0.357066845,0.856571611,1.430167124,0.072578201,1.631298874,1.001072197,0.668426782,0.719709126,0.008588642,-0.412949541,0.009364765
SNX14,0.635636094,0.432456412,0.431171142,0.670788361,-0.100104629,-0.442856564,0.8499809,-0.379342691,0.214833514,0.236892747,0.133861776,0.365662523
ORC3,1.157058797,-0.052527754,0.675142625,-0.464334112,0.601633073,0.973356031,0.758037867,1.556165304,0.869258271,0.139143945,0.81696999,0.064496099
TROAP,-0.592079425,-0.537762297,-0.376237478,0.023681995,-0.59615553,2.840597063,0.291524719,2.704026871,0.84067729,0.565101623,0.354785548,0.565390026
MICAL1,0.011960975,-0.428161891,0.615120341,0.282419329,-1.582204208,-1.573410478,0.796382461,-0.326072632,0.276090926,1.668696363,-0.374954923,0.10650607
DYSF,-1.344380665,-1.218142673,1.82328931,-0.58545527,-1.10414552,-1.039539479,-0.263797741,-0.020809566,-1.316703965,-0.210469369,-0.727185092,-0.854877571
USP15,0.225320476,0.717549643,0.509576265,0.283427083,0.296779191,-0.390692014,0.138856585,0.861494981,-0.183254988,0.151104064,0.232931157,1.134378596
MPHOSPH6,0.6817796,0.232984212,0.4700781,0.54247965,0.633701499,0.826625073,0.873544344,0.348693739,1.377451209,0.102250973,0.671146862,0.44498205
FHOD1,-1.055539168,-1.183371465,-0.578070435,0.623000718,-0.731680811,-0.362272936,0.5090691,-1.092709297,0.356693411,0.376707496,-0.652155654,-0.255216284
CAPN9,-0.247857295,-1.317383399,-1.560045607,-0.445956626,0.837913475,-1.547109565,0.625183895,-2.36374857,0.315174681,-0.717653128,0.246588704,-0.763659186
KIAA1033,0.700552736,0.86686098,0.587100879,0.426916522,0.490474225,0.052065801,0.668433131,0.362936303,0.122043897,0.541768664,-0.040271656,-0.421934503
TBRG4,-0.577731786,-1.084293008,0.021642883,0.645836279,-2.080835424,2.075435049,0.627517223,1.293628918,0.612726774,-0.039058756,0.339854529,0.811715552
ANGPTL2,3.710784209,-0.399688222,-0.451552494,-0.387672179,-0.458343931,-0.328070453,-0.386971283,1.078470412,-0.338769093,-0.445973378,-0.4074476,2.010495858
SLC31A2,-1.794488209,-1.674481716,-2.023581418,-1.325198797,-0.126902224,0.070585322,0.575337837,0.089675428,0.916635502,0.165617197,-0.042346962,-0.295547427
TLN1,0.703635469,2.43398165,0.575693529,0.458720389,-1.255199253,-1.041605182,0.565184432,0.12075554,-0.506812875,0.499721133,-0.869925759,0.686571615
GRHPR,-0.571320168,-1.167361038,-1.175429309,-0.93022253,-0.066509738,0.837761202,0.334724414,1.408129392,1.222047248,-0.453982355,-0.127140704,0.016881812
HINT2,-1.508015941,-1.50711502,-1.717080806,-1.409930462,0.668026738,0.35457717,0.491936279,1.551996375,1.278652303,0.781379475,0.698511488,0.252359384
RPS6,-0.485743852,-1.964297443,-1.84397543,-2.433825699,-0.516418271,0.883564337,-0.192306282,0.070740662,0.766242055,-0.636329044,-0.258021297,0.124234605
KLC4,-0.178290046,-0.799261333,0.156784021,-0.024484373,-0.816711825,-2.74011192,0.416760269,-2.150950071,-1.307132732,1.03459515,0.311459372,0.399899649
LRRC32,-0.600685055,-0.734873612,0.511803949,0.747591477,-0.535843341,-0.734873612,0.1221753,-0.634749327,-0.620655832,0.243330565,-0.734873612,-0.734873612
CTDSPL2,0.173576315,0.343593601,0.617269026,0.835808682,-0.242906068,-0.416536414,-0.87515887,-0.792270774,-1.53544995,-0.421780234,-0.389998127,-0.856036458
IFT172,-0.639691829,-2.304750321,0.325330927,-0.097315367,0.022516445,-2.488283415,0.291069374,-0.451929949,0.463069336,-0.276192728,0.003856079,-0.127696822
ACTR2,0.305956147,0.647385053,0.518790946,0.648299729,0.465903938,0.638867152,0.496235826,0.395882315,0.376346111,0.187325152,0.115578536,0.321093487
SLC5A6,-0.259468671,-0.342515504,0.136096943,0.596220055,-0.304585239,3.178947079,0.956135691,2.058120632,0.858041549,0.244511705,0.038011219,-0.203061798
EMILIN1,-0.814595496,0.689278878,-0.299619,-0.530040751,-0.361378868,3.265542062,0.52288925,2.114438257,0.568315775,-0.65144833,0.037152686,-1.127469301
DNA2,-0.196346603,-0.568469303,-0.085320062,0.317783083,0.639103573,1.708128529,1.22087243,0.780337143,0.719046977,-0.345895054,0.088200961,1.752191947
CPNE8,-0.486976307,-0.181047631,-0.39254907,-0.054961652,-0.285051951,3.628918749,-0.353387532,2.736223465,-0.44301227,-0.034849945,-0.343317545,-0.542872649
TAPBPL,0.711455635,-0.757215298,-0.594741267,-0.639699584,0.422937593,-1.58150435,-0.092378907,-1.105566524,-0.434982512,0.367228583,1.523774094,1.389058902
MMAB,1.073853902,0.338742382,0.79176925,1.437697982,0.984085621,-1.490009906,-0.069303373,-0.551306315,0.392242552,-0.445482779,0.406167632,-0.178215462
SLC39A5,-1.268860747,-1.448750646,-1.020161728,-1.541476306,-1.521816778,-1.850619536,-0.242006215,-1.059671619,-0.244502244,0.50857103,0.114208365,0.601284571
LMBR1L,-0.550548048,-1.339910061,0.210794486,0.248062496,-2.16287902,-1.419608332,-1.172552063,1.121957471,-1.548674523,0.933040363,-0.528770136,-0.296877156
NEIL1,-0.277186695,-1.498033792,-1.737010551,0.384458374,0.360548024,-1.153836692,0.579028353,-0.744082076,0.313535675,-0.209435022,-1.233341951,2.420346465
UNC45A,-0.512333962,-0.779462191,1.170469449,1.494838657,-1.703128349,0.027557124,-0.018263979,0.141076173,-0.486673961,0.114034644,-1.00461284,-0.968572093
TGFB1I1,-0.968101187,0.108934757,-0.059565306,0.079266804,-0.617634515,-1.002628034,-1.093398602,0.649640096,-0.260873838,-1.009247608,-0.100150834,-0.086894338
TXNL4B,-0.664557857,0.55004876,0.689538086,-1.546252407,0.717444632,1.961684655,1.367805913,-0.262057201,1.33528066,-0.726910709,0.116449131,-0.332304719
OSGIN1,0.50538108,0.266039984,0.332462249,-0.086877117,0.083352296,2.556290128,-0.467326153,-2.139856466,-1.163322935,-1.09531248,-0.556699289,-1.397961364
SCRN2,-1.059103287,-0.956280782,-0.105124682,-1.251696942,-1.16843143,-0.383105504,-0.152480593,1.362507111,-1.090533512,-0.792337156,0.650344709,-0.476197271
TAF4B,-0.128661929,-0.349364055,0.264192956,1.537231992,-0.504588766,3.117616844,0.528644727,1.254494582,-0.343732579,-0.263154058,-1.037092676,-0.096090848
SAT2,-0.896400092,-1.576426348,-2.247866115,-0.928013094,-0.641781425,0.185626249,-0.831096101,0.13243804,0.4747091,-1.519924361,0.925710791,-0.33342089
SLC16A3,0.877500243,0.560042856,1.399937747,0.494694712,0.732644971,-1.671912484,-0.820018899,0.483340333,-0.284624893,0.719882621,1.477595284,0.261189898
CARD14,-0.74009974,-0.74009974,-0.74009974,0.841949283,-0.126455096,1.854538798,-0.74009974,-0.74009974,0.001475658,-0.74009974,0.583835968,-0.124169754
EIF4A3,-0.244892468,-0.424722842,-0.212144591,-0.077791499,0.487674598,3.855362368,0.404521698,1.270146385,0.895122226,-0.089529246,-0.507314501,-0.153375756
GRB7,0.393145699,-1.034266755,0.008576908,-0.37644937,-0.84077751,-1.889333818,-1.041629742,-1.517143165,-1.735717794,-0.021237519,-0.145822927,-0.534508812
DPP9,0.078566476,0.154249536,-0.378261355,0.315500701,-0.778422256,1.01105355,1.719405211,-0.712039775,1.223651896,0.025452954,0.085144089,0.293950462
COL6A2,-0.684677184,0.290275193,0.027773037,-0.364350473,-0.095050843,1.90285167,-0.679718658,3.336502487,-1.515552569,-0.65856918,-0.050219231,-1.52821394
NOSIP,0.862427847,1.854556612,-0.002503272,0.261814146,-0.209995142,-0.813734445,-1.070481544,-1.723482669,1.085504796,-0.80327972,1.081380274,0.81103235
HSPG2,1.016723624,0.706433763,1.679758059,1.336397158,-0.02143366,-1.863990911,0.332373739,-2.124912175,-1.756352153,1.205454834,-0.405786617,0.578105118
PIGK,0.283845953,0.466179459,0.1831935,0.380872457,0.300382512,1.701225969,0.466127517,1.138531078,0.145452342,0.317669375,-0.090597805,-0.349414738
TINAGL1,0.529144005,-0.074241426,0.40832278,-0.007292973,0.05152309,-2.391592723,-0.753017349,-1.553586596,-1.490822998,-0.325800483,-0.22112923,-0.879977907
ITGA10,1.473473207,0.944306031,1.130276385,1.482743309,-1.156348466,-0.329284085,-1.219133879,0.802151814,-0.25128681,-0.197442263,-0.500487741,0.418180518
RORC,-0.503001231,0.025379604,0.175982253,-0.260319531,-0.148994121,-1.536266498,-0.711131195,-1.480329488,-1.823359325,-0.420132359,-0.491275804,-1.159872835
TAF1A,0.251841673,-0.181983506,0.695296066,-0.485999507,0.506898276,1.640641461,0.156286581,1.447503366,0.987569733,0.388640156,-0.17894165,1.812584083
INTS3,2.020034757,-1.302779792,0.984533044,-1.092971706,-2.536712629,0.191285806,-0.270002909,1.245653353,-0.562713391,1.690650406,0.527228256,0.498567032
MRPS5,-0.641002282,-1.362240289,0.180909637,-0.415121667,-0.520494579,2.839318964,0.663940237,1.813415064,0.998563577,0.595762081,0.160542168,0.21842031
CTDSP1,1.511280734,-0.003330121,0.637719907,1.474920727,0.407107001,-2.623080209,-0.059895999,-0.884997566,-1.416669422,0.696981395,0.8249575,-0.624687179
STK11IP,1.663691738,-1.550484698,0.31479052,-0.410333098,-0.861879064,-0.796895411,0.120111493,1.145264882,0.47205101,2.944155117,0.412684181,-0.276041032
AMT,0.022514387,-1.932031366,-0.462645862,-0.253381101,-0.095581122,-2.530997536,0.436124123,-1.077085562,1.334395911,0.482459145,1.16729895,0.233730704
TRMT10A,-0.369504697,-0.028536707,-0.040470761,-0.108849315,1.012455972,-0.258510313,-0.146369698,0.575669328,-0.193637441,-0.284857282,-0.097803433,-0.773360436
YIPF5,-0.773534529,-0.566791199,0.802568013,-1.049457639,0.696638418,-1.014339329,0.025535826,-0.756266084,-0.477849099,-1.850847014,-1.620475777,-0.265637819
KCNMB1,-1.158270009,0.569672767,1.852501846,-0.813268029,-1.205887485,0.173906579,-0.243526399,-0.570765859,0.14877091,-1.147928174,-0.207121204,0.993717541
ZNF92,0.116741559,0.407561128,0.257532878,0.654014417,0.769075223,1.591828892,-0.142390643,0.988779749,-0.063722044,0.173395925,0.165237433,-0.222987605
MCPH1,0.399274361,0.836622066,0.842027383,1.237880003,-0.291981717,2.071931339,0.646674702,-0.017931867,0.635346689,-0.295435595,-0.917102572,-0.884889646
SURF1,-0.539679722,-0.908479553,-1.344184289,-0.45376036,-0.19517526,0.321630616,0.324633545,1.20057544,0.530769268,0.345180293,-0.76699528,0.623083521
SERPINH1,-0.256167119,0.065732651,-0.962042192,-0.05262898,-0.594694473,-2.456551446,0.315689781,-2.510417465,0.082015968,0.607303372,0.331180252,0.305785637
TAGLN,1.148751546,1.992978051,0.932016688,1.357338379,-0.904505576,-1.909561518,-0.329771806,-0.78748147,-0.84259125,0.530191109,-0.422856416,0.03299295
JPH2,0.043818232,-0.6573104,-0.394424144,-0.88621723,-0.82186315,1.377228644,-0.472475187,3.987292008,-0.500284259,0.782368386,-0.02696382,-0.45347212
NUDT22,0.490588997,-0.986276146,-0.221313834,-0.516727418,-1.802030161,-1.040124128,0.421469244,-0.849576516,-0.26558998,0.769365445,0.858391106,1.686869297
HIRIP3,-0.526957064,-0.239692199,-0.170117756,0.001958149,-0.949001804,3.360178743,0.082383086,1.715455733,0.727069426,0.45925886,-0.674609463,0.364110378
FSIP1,0.055926756,0.116226235,0.117136859,0.060927113,-0.277951241,0.801041706,-0.158682435,1.002590662,4.180910395,-0.272834411,-0.581822302,-0.024356611
ADAM17,-0.201837628,1.036599605,0.623134638,1.491052162,0.466580591,-0.774734357,-0.057178139,-0.118943965,-0.711232903,-0.223321645,-0.638327409,-0.615086897
CACUL1,0.484423757,1.159532522,1.390399916,0.328103349,0.328703384,-1.5845295,-0.890260296,-1.129568527,-1.976765987,-0.320851179,-1.70951005,0.329388982
TCF7L1,-0.596031553,-0.607254227,0.264060769,-1.093090429,0.417209274,0.009789395,-0.231931944,-0.139480411,-2.640458512,0.847993689,-0.595966268,0.264716823
SUV39H2,-0.19292955,0.271195917,0.746073473,0.353455679,0.18067531,1.879762701,0.896256284,0.429419736,0.891174148,0.407100694,0.130284712,0.226264994
PAN3,-0.573448983,0.689207644,0.720305464,1.236254454,-0.100761871,-0.263290528,0.484101609,0.189167074,-0.938367857,-0.389132721,-0.333255773,0.207430927
CARHSP1,-0.37061329,-0.478035717,-0.205692301,0.000669721,-0.278881643,-0.521452753,0.08688287,-1.203953307,-1.519839056,-0.704519484,-0.408183272,-0.520346506
TUBGCP5,0.504488289,-0.118022092,1.292412953,1.398364591,0.704251423,0.808390132,2.005169303,0.647571966,0.678113011,0.288680301,-0.664717906,-0.671699445
HS2ST1,-1.138556822,0.316692151,0.186347998,0.515301053,0.002306479,-0.214549784,0.656809195,-0.043776188,-0.184726361,-0.68080111,0.190446155,-0.065775177
CXXC1,-0.189071466,-0.382140844,0.085741932,-0.042921759,0.645890292,1.953614324,0.869695109,0.812232864,0.704612506,-1.230614702,0.448468778,-1.468119321
FBXL18,-0.520200061,1.226179106,-0.129129556,0.671801194,-0.169998604,2.403162055,0.752586803,1.469257842,0.460397943,-0.679180486,-1.094733744,0.03286533
MOV10,0.09042,-1.18019231,-0.747989944,-0.958204893,-0.552677754,2.088573287,-0.176874439,3.355009536,0.009359804,-0.44724307,-1.091790009,-0.374352061
DPY19L4,-0.155767319,0.689004554,0.273932271,0.32504672,-0.686412842,0.88787519,-0.212696937,1.768429509,-0.263678628,0.724751348,-0.121132907,1.194276682
CCT8,-0.10031221,0.056615161,0.162247138,0.185233418,0.057057971,1.465214185,0.665690335,0.900273133,0.913343887,0.341605423,0.313088734,0.324332687
TYSND1,-0.176724988,-0.506362752,0.270263143,0.20759664,-0.847285134,2.81716933,0.875475053,1.79139224,0.600461724,-0.621651507,-0.569075543,-1.050977719
PRR14,-0.619282783,-2.064233511,-1.84680267,-1.372270804,-0.89525512,0.450651018,0.825513797,0.287391074,0.039895783,0.075591516,0.01889159,0.385347444
TNFRSF14,-0.189129599,-1.120482532,0.200432144,-0.702967699,-1.146945152,0.506179844,-0.207614545,-2.328487118,-0.96601868,0.213777497,-0.450143332,-0.866137995
ZFAND2B,-0.51716704,-0.590354387,-0.966251717,-0.546465126,-0.684102759,-1.483458927,0.66501468,-1.834583518,-0.218204583,-0.095985392,-0.358610925,-1.407262771
NIT1,-0.189887519,-0.958368359,-1.686950263,0.057128426,-0.475531787,-0.331632155,0.11025892,1.058139261,0.282366246,0.853142808,-0.422703665,-0.953184701
DONSON,-0.56802702,-0.224524261,-0.073754935,0.4530082,0.519664945,1.945056754,1.040472867,0.49366723,1.569609123,-0.470410281,-0.070803605,0.135000026
ARHGAP27,0.833971656,0.375549222,1.277330308,0.448154637,0.155724154,-2.701175864,-0.60350665,-2.187474393,-1.242209803,0.251258737,-0.010128347,-0.55144578
CCDC17,0.261483403,-1.850084576,0.123651781,0.094277277,-0.615077903,-1.609137648,-0.966744572,-1.425219894,-0.110125746,0.060414102,-0.174808783,-0.781427795
WDR4,-0.57038361,-0.536825525,0.059117164,0.871689893,-0.018970945,2.250616302,1.333670664,1.239084375,1.390081063,-0.078765682,-0.371762276,0.53649985
MCM3AP,-1.420660898,0.489186185,1.823229226,1.512390242,-1.53289944,0.899883427,0.904756866,0.049829029,0.590240677,-0.795182939,-0.967378927,0.640179581
SHKBP1,-0.361361423,-0.436055132,-0.517214173,-0.417524671,-0.497485461,0.226644788,1.108297474,0.782174447,0.941513635,0.616750954,0.309863295,-0.685838346
LMNA,0.348253395,0.739783782,1.179445981,0.312693221,-0.805036931,-0.653674175,1.1158453,-1.250525527,0.203526554,0.229385912,-0.127467254,0.745852759
NBEAL2,-0.408886195,0.110211433,1.269215751,0.233659152,-1.19898787,-2.278466844,0.567919159,-1.014473891,0.404742578,2.236153607,0.657323818,0.358003249
PPP1R35,0.843228433,-1.009060991,-0.72126895,0.128329207,-0.202261399,1.436494755,-0.956273905,1.328115814,-0.759817257,-0.339687522,-0.722050187,-2.272819179
FGFR4,0.09126937,-0.254128698,0.620397472,0.193756297,-0.903280681,-2.476138074,0.626770009,-1.700187112,-0.366994381,1.101783714,-0.066205731,-0.043223787
TONSL,-1.061944986,-0.629546109,-0.162747513,0.512090411,-0.134685193,3.980919896,0.829038912,0.920730879,0.19099404,0.401902861,-0.401184419,-0.177690443
RPL8,-0.457690923,-0.65371111,-0.670457708,-0.990631861,-0.512344138,2.869313895,-1.097433298,2.834632189,-0.200344564,-0.11704134,-0.404246166,-0.38813463
TMEM143,-0.701956346,1.427325968,0.506034961,0.204994381,-1.614072257,-1.78465979,0.964993803,-0.848283014,-1.193108902,-0.654555454,0.152325816,-0.482843961
ALDH16A1,0.054122504,-0.348074588,-0.197250286,0.776256965,-0.844325846,0.117321001,1.457364833,-0.4436105,1.682964882,0.677262171,0.4830946,0.540873178
SPC24,-0.618697845,-0.618697845,-0.618697845,-0.618697845,-0.618697845,0.383040815,-0.618697845,0.965114416,-0.111927221,-0.618697845,-0.618697845,3.363067633
WDR90,-0.950717988,-1.867069462,1.343017846,0.299014113,-1.670869088,0.660953101,0.329131434,0.347725018,0.824908743,1.772096286,0.532671395,0.611734134
NXF1,-0.943268387,-2.393954793,0.854588795,-1.329319106,-0.751766743,-0.21638903,0.993096135,0.036668219,1.987870338,-0.684550512,-0.460644894,-0.485892106
LRP5,0.315987761,0.68152594,0.69609077,0.466154912,-0.77946928,-2.260270744,-0.006811468,-2.70771912,-1.048247159,-0.24472942,-0.614983814,-0.053607955
TMEM82,-1.817016341,-1.011195543,-1.29139615,-0.463357419,-0.050631749,-1.931400971,0.781984717,-1.978400611,0.31863952,0.446779878,0.597317145,0.083322823
DHRS3,0.304137316,0.82785203,0.947508567,0.043905325,0.471449864,-2.434065073,-0.340795608,-2.313108076,-1.676247729,0.070928526,0.194508595,-0.701132607
SLAMF9,-1.036183758,0.70068259,-0.749901706,-1.036183758,0.335652273,0.648869748,2.167130557,-0.635259007,0.368067619,-1.036183758,1.513062379,-1.036183758
ACTG2,-1.336323441,0.997777675,-1.336323441,1.117283507,-0.334442848,-1.336323441,0.719980217,0.446660731,-0.065633703,1.08475816,0.416792247,0.005631086
BNIPL,-0.539873605,-1.350523844,-0.750479094,0.112459453,-1.652463264,-0.790869876,-0.256846723,-1.22352907,0.805158311,0.61708742,-0.738737185,1.239526844
VPS72,0.157585523,-0.498574649,-0.604404589,-1.189768086,-0.493230403,2.915105973,0.794129388,2.340609228,0.267549939,-0.667548941,-0.736358626,-0.844060176
CCT3,-0.46243121,-0.251252716,-0.241648393,0.020889216,-0.18497636,3.005888705,0.87712693,2.421943946,1.089155862,0.111784637,-0.086451137,0.053352503
ZNF513,0.216423057,-1.632264682,-0.129513214,1.198340621,-0.084877977,-0.077180737,-0.557841286,0.495861237,0.087077252,-0.565627671,0.155095461,-1.713659107
ZNF148,0.127434823,1.644437765,1.758643074,0.174974537,-0.617316949,-0.913564932,0.413332232,-0.850585345,-1.14902841,-0.88442335,-0.276763559,-0.403301153
GNL3,-0.594847591,-0.232527471,-0.252320531,0.46669448,-0.504441629,1.262278508,1.736204813,0.635665167,1.557914942,-0.030472702,-0.225394024,0.731845374
S100P,0.087909956,-1.261654741,-0.343386948,-0.72984693,1.042058211,-1.722483724,-0.15176231,-0.458064758,-0.506898044,0.037616105,0.178812561,-1.264677338
APEH,-0.204082843,0.06865898,0.17419694,0.459779596,-0.711241111,0.590779279,1.866393821,1.454084673,1.553911601,0.051255291,-0.301300378,0.353962334
MST1R,0.857579129,-0.662260859,0.336653852,0.411417673,-0.91289386,-2.949389448,0.660157989,-1.687507068,0.405296943,2.044015184,1.076270829,0.1818467
ANXA5,0.130963821,0.166307367,0.04929987,-0.092045867,-0.189411971,3.120701886,0.382704038,1.647787798,0.662181118,0.075441247,-0.344760684,0.186741307
MAP9,0.189142513,0.316690654,0.158885353,0.800525498,0.728420652,0.088909153,1.011028882,0.661796554,0.771180573,-0.41563117,0.355988638,1.126108955
FAM198B,0.93980159,0.335306772,0.243514369,-0.754613171,0.391429076,1.822118411,1.822502211,1.551544955,0.100284081,-0.15055607,-1.779748708,-0.574937836
UTP15,0.339716838,0.011520026,0.470348935,0.550533045,0.864733851,2.992423915,0.411374264,1.30720733,0.844655626,-0.739362119,0.675040745,0.337942865
SHROOM1,0.060330629,0.25535858,0.633014488,-0.281997902,-0.20515278,-1.880205631,-0.38791499,-2.618913501,-0.405846746,0.683085781,-0.330428314,-0.319431667
SLC4A2,-0.346280426,-0.617608642,-0.113273365,-0.487616302,-0.166639389,3.652534305,-0.009952325,2.477862615,0.087050729,-0.234239956,-0.254240834,-0.720242217
NUDT2,-0.106408304,-0.289274915,-1.192719755,-0.661560736,-0.686945075,-1.611112784,0.187311518,1.019992382,0.516857099,-0.477449883,-0.151649321,-1.383636733
INPPL1,0.008475735,-1.155126117,0.623634829,-0.22747251,-1.709192183,1.339778805,-0.846877394,1.833924259,-1.552849176,-0.542381643,-0.398981994,0.144148175
COMTD1,-0.377435521,-0.546998252,-0.944350052,0.005606117,-0.089368008,-0.241976002,0.96984954,-0.802459642,1.487404426,-0.02295422,1.115082375,0.535584699
METTL17,-0.917458014,-1.60476619,-0.378986465,-0.097935986,-0.934474742,1.81457773,1.47767793,1.887191823,2.086650639,-0.259517408,-0.505833462,-1.404369253
ARHGEF40,-0.764476406,-0.803183082,0.476252211,-0.067713817,-1.326775764,0.783712344,-0.552068928,1.699458824,-1.405600761,-0.686070285,0.014166299,0.215872926
METTL3,0.309366464,-0.995914139,-0.007966174,-0.352870524,-0.10177243,2.817581524,0.104525687,2.64344395,1.097117815,0.029139155,-0.196425423,-0.838754419
PACSIN3,-1.013506913,0.192812182,0.32075956,0.107309626,-0.144189811,1.414397495,-1.458940542,1.159178494,-1.718868641,-0.276442807,-0.472163942,-2.694172741
SLC39A13,0.313987799,0.112738789,-0.479896082,-0.30879123,-1.230205958,1.163844936,-0.121306278,1.485570073,1.674975498,0.53377252,0.727632334,0.016214723
ADAMTS15,-0.535255016,1.096556202,1.251249517,1.388220546,1.161707498,1.222265521,-1.052154675,-0.843881587,-1.148963775,-0.466956529,-0.430060721,-0.913588529
ILK,-0.945468875,-0.893407507,0.706935208,-0.551315994,-0.699482155,0.006781113,-0.277156988,1.545929873,0.398107861,-0.58857409,-0.33196786,-1.55743602
COG1,-0.892376979,-0.286202605,0.590804989,-0.290939764,-1.635043795,1.994156539,0.511227364,1.175144697,-1.060425684,-0.011733523,-1.726124824,-0.857770412
RCCD1,-1.218137196,-0.169638221,0.682657464,-0.928889998,-1.135489836,0.731061722,0.018260571,-0.262466337,0.592561602,1.212077501,-0.044737991,0.96407341
NAT16,2.257479571,0.134564906,-0.384350781,1.057495395,-0.73312039,-0.663096347,-0.261105061,0.575635222,-1.293753056,-1.320494188,0.756190797,1.375191484
TRUB2,-1.073097928,-1.027416622,-0.374352724,-0.292735978,-0.472970042,2.634751912,0.796653718,2.265969452,0.934804259,0.230891262,-0.507582796,0.311177465
SP2,-0.745431391,0.112238096,-1.126524617,-0.873514702,-1.035189599,0.894106945,1.353854333,0.881863265,-0.346787137,0.012106583,-0.310289646,0.645913291
COQ7,0.847926242,-0.041143419,-0.168864159,0.103838146,1.224765951,2.173689781,0.612787423,0.391205248,1.197914094,0.681830308,0.918738869,-0.109481111
RPL13,-0.388166994,-0.551635312,0.174072023,0.223447238,-0.151343966,1.276662686,0.609782176,0.775024161,1.127514508,0.920812647,-0.133977897,-0.682862985
SERTAD3,0.105117974,-0.695138643,-1.924845978,0.714961849,0.075596042,-0.769395861,-0.296951739,-1.395340974,-0.461159876,-1.34757704,-0.670391488,-0.655751788
TMC4,-0.599426447,-0.492041677,0.584330402,-0.22117473,0.028578836,-2.853346302,-0.940765522,-1.374590533,-1.404142326,0.292498326,-0.044458287,-0.546824216
NXN,-0.432738135,0.249436594,0.620862398,0.125055683,-0.690244671,1.493289041,-0.4665668,2.502641184,-1.605125604,-1.306486929,-0.968896617,-0.382910015
TSR1,-0.169180557,0.352302681,0.343813937,0.693843806,0.165596096,3.309701867,1.071545777,1.38489305,0.866567915,-0.136545101,-0.38837099,0.267646435
GGT6,-1.229272855,-0.858043314,-0.574495539,-0.530316175,-0.859695373,-1.917162667,0.274040212,-2.481924398,0.023594395,-0.125178351,-0.200870092,0.330726907
E4F1,0.355907419,0.03713622,-0.302416455,-0.200820139,-0.652670786,2.097264771,-1.496823138,0.960119821,0.155585365,-1.017047369,-1.131239726,-1.032313621
ECI1,-2.574535802,0.91557098,-0.953069262,-1.093409649,-0.748153759,1.039000313,0.903716356,0.903579663,1.325381242,0.156307526,0.18718299,0.387537644
VWCE,-1.120118002,2.315981835,-0.603973721,0.975534671,-0.945020934,0.834557926,-0.197645167,1.4432858,0.799022603,0.025171135,-0.174881884,-0.515754057
ATG16L2,-0.439240863,-0.621946547,0.720615039,0.179575856,-0.330396928,-1.886854522,-0.500692437,-0.582578917,-1.109697403,1.673053403,0.436801975,1.062778047
IRF2BP2,-0.002495984,-0.209165598,0.817641646,1.327294368,-0.564355699,-0.623015007,0.803950977,-0.597943605,-1.595809963,0.334406039,-0.683026947,-0.384485647
DTYMK,-0.449248781,-0.250227381,-0.448626674,-0.626595261,-0.244551629,2.235373136,0.757364525,1.492077729,1.895787012,0.729714442,0.251656062,0.24616198
HR,-0.268336229,-1.709919504,-0.815268477,-0.837812006,-1.3088297,0.249050467,1.929623842,-0.135397713,0.972197291,0.393772986,-0.200165261,0.579893716
CA7,-0.639288879,-0.908553425,-0.709242721,-1.012518989,-0.766791296,-1.012518989,-0.732374022,-0.759038982,-0.66122095,-0.725214559,0.553752192,-0.387017621
STX18,-2.113122764,-0.446931003,1.624354792,0.310550806,-0.472874868,0.467188136,0.332634036,-0.131427468,-0.286191463,-1.060785625,-0.657358611,-1.089765451
TMEM129,-0.830923618,-1.093757614,0.507984659,0.050248159,-0.666396101,0.179481301,0.864675205,1.517378744,0.880964221,-0.381698228,-0.733119577,-0.5572835
APEX2,-0.785462512,-0.267459211,0.267869926,0.828548568,0.429911342,3.411421989,1.46483708,0.751309596,-0.398141057,-0.43870353,0.343935519,0.549768529
CRADD,0.515993374,-0.328827564,-0.766560288,-1.224454953,-0.178213481,2.536015177,1.198557345,2.604285632,0.467970357,0.549101682,0.094060509,-1.01829071
NPR1,0.576162989,-0.407716299,-0.128816783,-0.517000507,-0.49569329,0.04881406,-0.966447779,-0.191616718,-0.215446208,-0.966447779,2.466692784,-0.966447779
PCBP1,-0.530567532,-0.706160015,-0.430167391,-0.685632656,-0.18477061,2.770075136,0.236506327,0.673641555,0.661261822,-1.782323587,-0.341924376,0.050438903
HEXDC,-0.362872298,0.037026004,1.519410328,1.119597725,-2.169283875,0.506487425,-0.024244457,1.226174055,-0.109917185,1.289423665,-0.643960381,-0.530643236
BTD,-0.568873171,-0.07653551,-1.284768358,0.165288911,0.064107996,-1.692733835,-0.42288161,-1.65927974,-0.059276974,0.064232274,-1.011971439,-1.095637626
CNTROB,-0.481738773,-0.028478539,-0.893925412,-0.893925412,0.62214304,1.589488507,-0.893925412,0.034127482,-0.893925412,1.26563439,-0.893925412,2.652687143
MGMT,-0.715816363,-1.724576574,-0.785095282,-1.609201611,-1.223245879,1.49484986,0.526637052,1.91339358,0.697455723,0.11318768,0.440773438,-0.048425339
NFXL1,-1.295497075,-0.609979983,0.841758627,-0.065910333,-0.155112899,0.310174076,1.605019485,1.15443586,1.76646675,-0.735189855,0.818327662,-0.319334082
HTRA3,-0.565893713,2.911470554,0.321147692,1.265490117,0.91615065,-0.565893713,-0.565893713,-0.565893713,-0.565893713,-0.565893713,-0.565893713,-0.565893713
RNF139,-0.133849065,0.672023599,0.368745552,0.349193069,0.348575154,1.872618248,0.647624348,1.698950925,0.573461784,-0.143840389,0.227917365,-0.106631476
ZNF692,1.691801674,-2.446601102,-0.196347162,-1.103788547,-0.10249183,0.532898007,-0.761133024,1.444506625,0.883459118,-0.34422324,0.294857534,-0.564771139
ZDHHC16,-0.393560204,0.110539396,-0.06764056,0.948471908,0.037797615,1.011173447,0.843137965,0.096125806,1.58926915,0.187765955,-0.591477445,-0.655938348
ZNF581,-1.346108235,-0.578388414,-0.99522564,-0.055967444,-1.790919186,-0.936286123,-0.585401668,-0.089919537,-2.109453189,0.53306749,-0.033203073,0.263553068
LRRC8D,-1.162949629,-0.331953324,-0.025837047,1.093985356,0.393941828,1.999779207,-0.529248591,2.339521811,0.534135691,-1.567356855,-1.489797038,0.341841952
GPR34,-0.201361726,0.369034618,-0.164065152,0.104047479,-0.704506377,-0.704506377,1.699386922,0.779514677,-0.704506377,0.307491373,-0.704506377,-0.208531606
RPS21,-0.474927779,-0.988435259,-1.376904337,-1.317953432,-0.865099677,0.061484302,-1.931406318,1.728257804,1.047937961,0.114577284,0.449079498,-0.306138416
QARS,-0.948515964,-0.52597681,-0.747835463,0.288769226,-1.860009019,0.273318177,1.043518145,0.729416137,0.907325037,0.095520634,-0.258623059,0.109556442
EIF2AK3,-0.654342279,-0.16913314,0.091246931,0.110644096,-0.079594416,0.100878894,0.125135171,0.655743539,-0.618584342,-0.980576725,0.070451864,-0.107861059
ZNF131,-0.763741131,-0.209800703,0.082195013,0.801374827,-0.487894583,2.723569574,0.103609518,2.318352688,0.522470307,-0.125157014,-0.228118195,0.415976371
BANP,0.24370098,-2.403593719,-1.346546181,-0.676582369,-0.580122264,0.207718126,0.070736461,0.265568986,0.598842287,-0.200852966,1.011822159,1.225185136
FAM192A,0.680398713,-0.026180828,0.676670385,1.242626025,1.127868397,-0.862254128,0.613061474,0.6236221,1.148287361,-0.250099425,-0.570406511,1.199476002
NADSYN1,1.284413928,-0.15302109,1.052717767,1.171713594,0.021324515,-2.353676063,0.671573726,-1.717016703,-0.082113269,0.5472048,0.439438173,-0.393648313
MRGPRF,-0.630448118,-0.484726755,-0.200028435,-0.283230054,-0.508061704,3.278166169,-0.496372059,2.773229973,-0.285996416,0.417171777,-0.630448118,-0.496940585
COMMD1,-0.463209031,-0.083404588,-0.815746441,-0.087260853,-0.342593175,2.656615866,-0.229128749,3.005458801,0.431891307,-0.414844774,-0.020978139,0.316412877
JUP,0.162079763,0.564244507,0.394166938,0.285291814,-0.507621475,-2.912415367,0.412839717,-2.173671385,-0.653435601,-0.175901503,0.056730277,0.431547008
DPY19L1,0.565833115,1.622163137,0.685118611,0.509476033,0.496897606,-0.189314345,0.102717984,-0.24093597,-0.914722536,-0.148743343,-0.090659048,0.441228243
ZNF791,-0.733999254,1.062297455,0.09304477,-0.007488006,0.409026991,-0.234077174,0.796549899,1.535130115,-0.325140842,-0.303936448,-0.671576755,0.460096922
CBX2,-0.495969291,-0.393503312,-0.255620976,-0.251211761,0.12552349,3.901952072,-0.041241602,2.257881533,-0.16939163,0.017415758,-0.551518707,-0.076840847
TNK1,0.824646156,0.783685162,0.542015171,0.036401706,0.271208506,-1.38793295,1.256369662,-2.741492672,0.115830075,-0.837493237,-0.151324993,-0.009374375
NR1D2,0.939942748,1.478973929,1.085285872,0.574632136,0.007358041,-0.839476204,-1.320473287,-1.062322799,-1.696877324,-0.982611631,-0.319385579,-0.239422784
YIF1A,1.207228727,-0.491791698,-0.481298729,-0.304339269,-0.346733866,1.987867916,0.138193401,1.204404382,0.489261956,-0.732042149,0.108104576,0.240214616
NLRP6,-1.58112116,-0.592201946,-0.943010023,0.334805496,-1.071515158,0.312090705,-0.357992445,-0.258182663,-0.747603966,-0.349148981,-0.363140244,-0.239944399
DES,-0.519046616,-0.519046616,-0.519046616,0.932610499,-0.519046616,1.487053727,-0.519046616,3.927829569,-0.30669401,0.04946372,-0.43363413,-0.355587373
DDIT3,-0.543256865,-1.579881029,-0.538574217,-0.475735905,-0.283591067,-0.161369091,-1.292938586,0.365646398,-1.47966565,-0.647425669,-0.21901932,-1.550997153
TUBB6,0.826939351,0.657079762,0.91585795,1.353170716,0.994795107,2.387815382,0.713915527,0.592337502,0.034874727,-0.161911998,-0.024296872,0.033581251
CLK2,0.713095317,-1.740405902,0.235694353,-1.581959684,-0.867591529,-1.737292813,-0.349674026,-0.372811897,-0.540776562,1.917760268,-0.852370642,-0.670080413
NFATC2IP,-1.040929088,0.711004029,1.964751637,1.686962749,1.058306546,0.969920994,1.820428018,0.426908404,0.640785053,-0.589320711,-0.598917231,-0.177094564
RPS6KA3,-0.148638711,0.406704836,-0.212252081,0.473968495,0.162451334,1.297801353,0.525383495,2.609842785,0.062522951,-0.168959291,0.159809179,-0.076071669
CD151,0.420484905,-0.662340079,-0.108501842,-0.426463516,0.009239855,-2.189762108,-0.650460881,-1.883640349,-0.638560267,-0.332872483,-0.255379337,-0.490122218
ZNF619,-0.778375084,0.6087394,0.505927477,2.378004059,0.23785425,-2.348258196,-0.010133462,-1.133539919,0.536456046,1.3164085,0.161231148,-0.237185463
MAMDC4,0.905847376,0.121677654,1.214475665,0.778005388,-0.199227342,-2.732508586,-0.906631194,0.418316012,-0.249993058,2.186535777,0.308068773,-0.997823552
IMPDH2,-1.253698377,-0.879531185,-0.431798348,-0.165535876,-0.710718261,2.353993702,0.682320733,1.536428019,1.314372493,0.469353676,0.086750579,0.397721591
MCMDC2,-0.518907037,0.488086475,0.196024635,-0.865085414,0.472430115,-0.171317543,-0.381890078,-0.80948556,1.204376195,0.325313533,0.257539067,1.842839975
TUFM,-0.395907248,-0.509021402,-0.293004652,0.061771649,-0.45466596,1.69911885,1.406825779,1.528934282,1.457720168,0.434329669,0.197902195,0.505279245
SHARPIN,-0.838337175,-0.960467573,-0.140735742,-0.01028359,-0.891934145,3.136889276,-0.11386782,2.278879454,-0.834261082,-0.280845483,0.241625665,0.228376091
SOCS4,-0.759526306,1.041780077,0.209658986,1.355285719,0.174992001,1.488553445,1.037454074,0.787069572,0.78361463,-0.149107076,0.101904399,0.212048123
HIST1H2AC,0.175816892,-0.195301133,-0.885183102,-0.395979676,-0.741017626,-1.883322135,-0.71930046,0.390539992,-0.897677378,-0.650844362,-0.465409953,-1.103526453
ZNF707,0.023174247,-1.080800212,-0.24973589,-0.586406833,-0.794011783,3.534224639,-0.0173855,2.312326009,0.102482979,-0.529024628,-0.09057751,-0.367304307
RNF135,-0.492220734,-0.306787068,-0.470437594,0.700971318,-0.393614222,1.917676854,1.46359857,2.891913342,-0.130005383,-1.149665101,-0.812816155,-0.542671495
ACBD4,0.921009182,-1.532847946,-0.713731627,-1.716532786,-1.782940304,-2.142038287,0.219907921,-1.081204313,-0.845100002,0.102908319,0.451771591,0.461754951
MAB21L2,0.057798661,1.133176693,-0.383088068,-0.485169667,3.262869084,1.684331768,-0.424510118,-0.901543864,-0.901543864,-0.901543864,0.077953862,-0.901543864
SLC9A9,-0.098687736,-0.164656146,-0.571863352,-0.488917588,-0.571863352,2.827971643,-0.382394161,3.498887878,-0.247296721,-0.282136574,0.004712192,-0.106127179
LSM10,-0.333088076,-0.439474026,-0.486107529,-0.924468511,-0.002226733,3.3833547,0.287908347,1.690857275,1.183840724,-0.197344468,0.0481601,-0.034472269
SLC2A4,-0.461731662,-0.461731662,-0.461731662,-0.461731662,0.094696849,2.761726197,-0.461731662,3.438512526,-0.461731662,-0.461731662,-0.461731662,-0.461731662
IDH2,-1.083020157,-0.372025192,-0.270878828,-0.593409725,-0.369831671,-2.736684565,0.855322472,-1.613834291,0.101268256,0.701502433,0.083901572,-0.045633912
MRPL41,-0.371999302,-1.783948526,-1.076846701,-0.723211801,0.51397216,1.259194222,-0.454074762,0.415275051,0.543551315,-0.218769612,-0.71373584,-0.726703854
TSEN54,-0.310527813,-1.64216465,0.30822741,0.457568147,-0.548990739,-0.175052846,-0.181022282,-1.940854663,-0.404076731,-0.316567764,-0.463780824,-0.221751866
UBA7,0.524156746,-0.54003354,0.719747068,0.638640013,-0.867078671,-2.015662218,-0.558198667,-2.832409982,-0.363201885,0.039853159,0.09139588,-0.844298163
FBXL6,-0.444363903,-1.593913531,0.193347046,0.346649266,-0.005139292,2.683651314,0.962378653,1.35154913,0.716676845,-0.158098395,0.752232255,0.182504995
TBK1,0.225296942,0.434297572,0.324975705,0.208737565,0.127697833,0.96169033,0.748243418,0.53120906,0.392505011,0.011253217,0.462530443,0.238634754
TBL3,0.378190983,0.679402739,0.240026163,-0.093250478,-0.531652958,-0.113694221,0.545045053,-0.531652958,-0.531652958,-0.531652958,-0.531652958,4.070240376
LIN9,-0.235046189,0.66522231,0.155309402,0.677541857,0.556528598,0.966965561,0.457256187,0.508608644,0.393325552,-0.264291715,-0.268213812,-0.074272229
SMTN,-0.806145697,-0.037479595,0.53760996,-0.573633471,-2.007067478,-0.308754702,0.744987295,0.434279155,1.164540084,0.997980189,0.207097319,0.162527238
NR2C2AP,-0.823731454,-0.695280263,-0.229500658,-0.236683886,0.418873129,3.032053655,1.19189992,1.129716739,1.328773278,0.317875445,-0.540751349,0.366157435
HDDC3,-0.968772411,-1.634597369,-1.732518487,-0.787017336,-0.327619196,0.90975006,1.608223924,0.367369624,1.838059293,0.017008844,0.38361658,-0.901633414
SEMA4B,0.727073514,0.28966075,0.543943726,0.241688422,-0.027924632,-2.48818986,-1.044166248,-2.06497682,-1.915558338,0.035251247,-0.128451762,-0.15183047
SIGIRR,0.714842944,-0.675222937,-0.033211406,-0.093966756,-0.874405432,-1.648825383,-0.063286398,-1.192915339,-0.851097214,1.083779078,0.332256663,-1.666581157
TNFAIP2,2.186466642,-0.614075705,-0.515034235,1.131394736,-0.055655877,-1.158870033,0.827558656,-1.314311954,0.157266279,1.648784838,0.724585314,-0.12131581
PRMT3,-0.02670421,0.156048462,0.009025615,0.694602429,0.275409688,1.950461713,0.868008931,0.917329518,1.164709034,-0.059577748,0.178123681,-0.189508585
PPIL6,0.920758502,2.437540218,0.512736609,0.950848977,0.241564422,-0.688472876,0.338723991,-1.970455237,0.279573172,0.123845858,1.214114083,-0.617552796
MRPL40,-0.558743941,-0.541209056,-0.263332789,0.111297445,-0.079629055,3.145027659,0.349171089,2.731829911,0.638692967,-0.223670859,-0.055825473,0.34862382
ZBTB6,0.409367415,0.705408013,0.052048853,0.623773061,0.166114863,0.516460673,0.14989431,0.618103499,0.528134725,0.193818572,0.322937987,0.266382188
ARAP1,0.299148225,0.550535991,0.582544982,-0.922994988,-1.331439933,-0.904272277,-0.755982092,-0.136299631,-2.537375263,0.872750809,-0.231768019,-1.004565608
MITF,-0.691421786,-0.094773384,-0.203946015,0.047303923,-0.281653217,3.899296655,-0.235502791,2.058837629,-0.720918851,-0.147053326,0.292130884,-0.273400178
SIRT7,0.898413497,0.079858621,-0.101211704,-0.216146519,0.225792006,-2.030238975,-1.355689038,-1.592287649,-0.99934012,-0.713926532,0.181279909,-0.611801326
HIST1H1C,0.089290047,-1.201244695,-1.07355445,-0.581522097,0.128766087,0.047551867,-0.342770915,3.066977535,-0.288507439,-1.356111105,0.082562185,-1.088091804
EIF4EBP1,-1.280309894,-1.469611919,-0.869581306,-1.162463732,-0.736772837,2.545176612,-0.738130017,0.926443966,-0.138116896,-0.113176459,-0.217947633,-0.142008928
ALKBH2,-0.65106889,-0.341859238,0.495726527,-0.335452396,-0.08584405,3.623684891,0.155466319,2.153776048,0.302423894,0.000891494,-0.357301863,-0.119441478
BTBD8,0.939453756,1.192160657,1.411340266,2.029358057,0.162985896,-0.274313624,-0.850277232,-0.299261911,-0.8520742,0.463734629,1.361351446,-1.154988978
ZNF79,-0.652890179,0.544040661,0.859080325,0.784647483,0.436926623,2.531886341,0.795217548,2.219234999,0.281710703,-0.073954281,-0.982174965,-1.250806723
ZNF777,-1.238507561,0.395695594,0.335363555,0.350510145,-1.043460092,2.574181108,1.156193449,2.030619482,0.520320425,-0.424824456,-0.340462368,-0.060635621
PLXNB2,0.525739313,0.35197414,0.621210995,0.800317411,-0.104497169,-2.803722916,-0.49622692,-2.085698581,-1.345706027,0.515459544,0.168506664,0.11856044
TLR7,1.414504776,0.822122206,1.160429409,1.55392672,0.808407546,-1.121294978,-0.277798596,0.150835904,-1.121294978,0.623379215,-1.121294978,1.353862551
PDLIM7,1.308524458,-0.742374152,1.267417693,-0.63542776,-1.594801859,-1.124908312,-0.468896941,0.005995279,-0.231625901,1.824193454,0.544783704,-0.995571728
FAM3C,-0.182383173,0.168774402,-0.254902689,0.223126572,0.196351427,-0.168585769,-0.090970153,-0.794339609,0.569075242,-0.62682093,0.49941757,-0.289345227
NOP9,-0.971024679,0.938303869,1.373415207,1.639612233,-0.509245743,0.357241484,1.546040362,-0.241551387,1.544484679,-0.06496225,-0.449706317,0.493481896
PDGFA,-0.565627453,-0.366840471,-0.510891684,-0.414328076,0.163769674,-1.921676147,0.099000704,-2.697253991,-0.769868729,-0.474502391,-0.725684245,0.218902897
MYO1C,-1.26811051,0.053366767,0.582059928,0.785669348,-0.605590963,1.674725209,0.447876335,0.650150261,-1.946064237,-0.844311084,-1.747517331,-0.993279181
ZNF335,-0.816191399,-0.714893409,0.192148369,0.843814904,-1.590880016,1.412513705,0.260850632,1.446826419,-0.803740731,0.638145458,-1.368535914,-0.16664177
UCKL1,0.20465075,0.218576008,0.878908014,-0.488230448,-0.49239166,-1.526284928,-1.026552546,-1.723460614,-0.660038252,0.755985223,0.147871482,-0.593786139
UVRAG,-0.79059079,0.106276393,0.87693565,0.462375641,-1.242613531,1.884247215,0.160188427,0.572337121,-1.040439123,0.051383845,0.038059728,-1.178250215
ZNF583,-0.514067894,1.692834068,-0.377562886,-0.540440883,-0.413390772,2.585307226,-0.343030574,2.484914383,-0.580676396,-0.389082757,-0.199205129,1.748955404
TPM2,-0.213772696,-0.495796471,-0.392155089,-0.456294615,-0.729515047,3.195661068,-0.181429934,3.182496352,-0.50905104,-0.027682818,-0.1732223,-0.341616126
DDX39B,-0.253519666,-0.352212519,0.52134037,0.187263878,-0.37120564,2.269077129,1.10417156,1.367539066,1.409741151,0.115133432,0.122766064,-0.064484495
CNOT7,-0.657841104,0.152801808,0.703832522,0.809494237,-0.061825049,0.950197992,-0.083042041,0.843332863,-0.365020584,0.075292359,0.096129382,-0.117044018
SMC5,0.38835766,0.858703047,0.658767104,0.619550114,0.555003279,-0.013564722,0.472688113,-0.371750243,0.216181856,0.054404544,0.280706835,0.191547091
MRPS18B,-1.016491175,-0.493825161,-0.593116216,-0.472391994,-1.533586333,2.774166045,0.035540805,2.56414849,-0.19266746,-0.293784791,-0.654135102,-0.43245543
INPP5B,-0.85610836,-0.956655283,-0.338386387,-0.282825072,-0.657921286,1.050871189,-0.519636355,3.963309994,-0.423392195,-0.253973646,-0.534221868,0.176861537
KIFC1,-0.375610168,-0.580230695,-1.319075411,-0.375251438,-0.602429279,2.890040204,1.323881266,0.882106107,1.405778831,0.764831834,0.177758335,0.596177771
DAXX,-0.592009103,-1.067947408,0.154616752,-0.725863799,-0.737609398,2.6766893,-0.912558852,1.500768018,0.841706357,-0.713413702,-0.61872017,-0.527425206
RXRB,0.50586313,-0.900441891,-0.199503435,-1.108607823,-0.836029645,-0.82309952,-0.622920345,2.238572462,-1.309926067,0.035622412,-0.318473917,-1.428516992
FKBPL,-1.588086602,-1.077892573,0.408905119,-0.93620722,-0.625812994,2.414168478,0.44700968,2.408165661,0.620629618,-0.067113747,-0.697429328,-0.748866804
APOM,0.656735279,-1.921237114,-0.379825898,-0.590589683,-0.800488684,-1.026329493,0.301510193,1.30355566,1.594821425,0.512146656,0.896828597,0.846069246
DHX16,-0.927724798,0.520750774,-0.678803865,0.197516217,0.177142293,2.739695648,-0.224599376,2.089845056,0.176574962,-1.336847633,-0.073707621,-1.121994155
PSMB10,0.136739652,0.050744278,0.664482465,-0.33440376,-0.543697997,-2.708613212,1.042255308,-2.177510894,0.277032161,0.242514772,-0.271539697,0.797767893
CNEP1R1,0.442924767,0.271678778,-0.037476962,0.611874162,0.712806701,0.200500141,0.867170457,-0.144719247,-0.236255156,-0.140228639,0.112355245,-1.051198175
NAP1L4,0.988104311,-1.336885208,1.385454837,-0.425720113,0.684400619,1.864794553,1.812426211,0.700782535,0.52905597,-0.588242906,-0.941540301,-0.285254956
CPT1B,0.217632489,-2.506512111,1.719865523,-0.173043941,-1.558979181,-1.267534573,-0.696091841,-0.960299254,-0.121902349,1.610797932,0.902846245,-0.011161612
RGL2,-0.71800831,-1.496342432,0.599365002,-0.966019302,-0.808388434,0.327122957,-1.144326196,2.201970314,-1.222336181,-0.512386466,-0.894119007,-0.16932226
CHUK,-0.024997173,0.422990083,0.315718754,0.845249973,0.708573691,0.440120629,0.790175766,0.287820424,0.975921166,0.072393589,0.050752006,0.414951297
LCAT,0.566653809,-0.101450611,-1.423379324,-0.843777164,-0.586953307,1.165021288,-0.17498109,1.209750132,0.039565157,1.537707289,-1.423379324,-1.423379324
SYNJ2BP,0.527635426,0.992074735,1.128961556,0.239722387,0.150660161,0.759925576,0.528237598,0.866629621,0.249757134,-0.352164025,-0.125294303,-0.209517916
SLC23A3,1.406241407,-0.983980317,0.881345915,-1.276555176,-0.953526714,-2.229539169,-0.563534994,-2.310105312,0.578056563,1.469901282,0.442422281,-0.285565492
ALG3,-0.736889772,-0.504977928,-0.340740588,0.381502123,-0.18030656,1.947344881,1.399597951,1.160040603,1.024197532,0.519003344,0.346712463,1.033561426
MTCP1,-0.380646025,0.441523964,-0.269038162,-1.112477916,-1.233616164,1.372800428,-0.474314456,1.048578822,-1.143108078,1.803693624,0.893559159,1.628909015
FANCG,0.038344419,-1.517723033,-0.550951776,0.296751976,-0.050768434,2.841465653,0.827026966,1.901667151,1.118083067,0.521827489,-0.502349222,0.088571941
PPP2R2A,-0.109303596,0.546609155,0.536734961,0.61918154,0.888901003,-0.710960454,0.102547544,-0.716699795,-0.668825545,0.144416876,0.133400965,-0.199805477
ZNF880,0.370914983,-0.420591665,0.21536936,-0.448777873,-1.07876164,2.227370262,0.203562916,2.971158148,-0.631720777,-0.88980859,-1.280266914,0.385978406
SLC26A6,0.425302409,-1.605581173,-1.03770151,-0.389215159,-1.415915966,-1.741576887,-0.114019198,-0.824098916,0.185341738,1.630247926,-0.311499676,-0.32343971
STRC,-0.852841022,-0.326684604,0.083162768,1.768511606,-0.788530619,-1.314813879,-1.579339934,-0.701051967,-0.555351359,0.449608226,0.381151522,-0.301505257
EIF4EBP3,0.456260611,-1.042074949,-1.489892567,-0.701690471,-0.464049474,2.161707074,-0.573555768,2.951979416,-0.199477515,-0.159190581,-0.175999573,-0.282500928
EFNA4,0.582101408,-0.357849689,-0.156140485,0.043909828,0.127388792,-0.92415441,-0.257061298,-0.551397859,-0.926786161,-0.33622399,0.517522668,-1.643843658
WDR92,-0.487730483,0.232467405,0.955890531,0.300495729,-1.206400989,1.928947549,1.212600699,2.123119939,1.455167084,-0.988793985,-0.230834412,0.462072511
TMEM141,0.043896334,0.079347302,0.036201435,-0.22769185,1.015371181,-1.392899755,-0.220479166,-0.837435212,-0.078973206,0.41569758,1.206793039,-0.52449763
UBE2V1,0.259388097,0.288635035,0.277927865,0.001317714,-0.507792398,1.202932419,0.604351101,0.63984491,-0.045453125,0.034786816,-0.411353503,0.238078235
SMIM20,0.276749765,-0.383262528,-0.34626389,-0.973432993,-1.303431226,1.73327514,-0.184158759,1.904076449,-0.01690589,-0.907065448,-1.025440499,-0.963512452
EEF1G,-0.554055357,0.232929901,-0.238737561,-0.95593059,-1.716335158,-0.186701404,0.546459267,-0.656701597,0.048281968,-0.006186355,-0.923474283,0.438832397
MPV17L2,0.4354968,-0.562151101,0.358950736,0.262144592,-0.052827818,2.856950565,0.461618565,1.924077272,1.08208696,0.012541127,0.286479223,0.715659748
ZNF10,0.635517638,-0.392225916,0.649846139,2.015354581,-0.271713831,1.036194878,0.75586042,1.523931816,0.290514718,-0.065572413,0.249975796,-1.113169947
